COPY public.demo_category (id, title, sort_order, back_link_url, back_link_label) FROM stdin;
1	Getting Started	1	\N	\N
2	Authentication	2	\N	\N
3	Forms	3	/formulaires	Forms
4	Database	4	\N	\N
5	Framework	5	\N	\N
6	Administration	6	\N	\N
\.

COPY public.demo_page (id, category_id, slug, title, lead, page_type, sort_order) FROM stdin;
1	1	installation_demo	Installation	Prerequisites, .env, CLI commands, quick start.	code	1
2	1	configuration_demo	Builder configuration	RuniqueApp::builder(), middlewares, secrets, assets.	code	2
3	1	migrations_demo	Migrations	model! macro, makemigrations, migration up/down/status.	code	3
4	1	comparatif_demo	Django comparison	Route, view, form, ORM and security equivalences.	code	4
5	2	inscription	Registration	Model-based form, validation, password hashing.	form	1
6	2	login	Authentication	Login / logout, sessions, route protection.	form	2
7	2	profil	User profile	Active session, user data, logout.	custom	3
8	3	formulaires_hub	Forms	Declaration, available fields, Tera rendering.	custom	1
9	3	formulaires_champs	Field declaration	Two ways to declare a field — manually via register_fields, or via the #[form] proc macro.	code	2
10	3	formulaires_helpers	Helpers	Access form values and URL parameters — typed helpers and whitelisted access.	custom	3
11	3	formulaires_templates	Template rendering	Tera tags for form rendering.	code	4
12	3	upload_image	File upload	Image, size and extension validation.	form	5
13	4	orm_demo	ORM — Queries	objects, filter, paginate, relations, create/update/delete.	code	1
14	4	database_demo	Database	DatabaseConfig, from_env, from_url, pool, timeouts.	code	2
15	4	model_demo	Models & Schemas	Define a model, types, constraints, relations, migrations.	code	3
16	5	router_demo	Router	urlpatterns!, path parameters, named links.	code	1
17	5	template_demo	Templates & Tags	Tera tags — static, link, media, messages, form.xxx.	code	2
18	5	middleware_hub	Middlewares	CSRF, CSP, Rate Limiter, Login Guard, Host Validation, HTTPS.	custom	3
19	5	about	Flash messages	success!, info!, warning!, error! — flash message macros.	custom	4
20	5	i18n_demo	Internationalisation	Runique template language — 9 languages available.	code	5
21	5	session_demo	Sessions	MemoryStore, memory limits, automatic periodic cleanup.	code	6
22	5	macros_demo	Macros	context_update!, context!, impl_from_error!	code	7
23	5	propos_template_error	Error pages	404, 500, 429 — Runique error page check.	custom	8
24	5	middleware_csrf	CSRF	CSRF protection — Prisme, POST-to-handler contract.	code	9
25	5	middleware_csp	CSP	Content Security Policy — builder, directives.	code	10
26	5	middleware_hosts	Host Validation	Allowed host validation.	code	11
27	5	middleware_https	HTTPS Redirect	Automatic HTTP to HTTPS redirect.	code	12
28	5	middleware_login_guard	Login Guard	Protection against repeated login attempts.	code	13
29	5	middleware_rate_limit	Rate Limit	Per-IP request limiting with sliding window.	code	14
30	6	admin_hub	Administration	Auto-generated CRUD, permissions, dashboard, template overrides.	custom	1
31	6	admin_declaration	Admin declaration	Declare a resource in the admin panel.	code	2
32	6	admin_setup	Admin configuration	Enable and configure the admin panel.	code	3
33	6	admin_surcharge	Template override	Customise the admin panel templates.	custom	4
\.

COPY public.demo_section (id, page_id, title, content, sort_order) FROM stdin;
\.

COPY public.form_field (id, page_id, name, field_type, description, example, sort_order, html_preview) FROM stdin;
1	9	TextField::text	TextField	Simple text field — single line.	TextField::text("username").label("Username").required()	1	<div class="field-preview"><label>Username</label><input type="text" placeholder="John Doe"></div>
2	9	TextField::email	TextField	Email — automatically lowercased.	TextField::email("email").label("Email address").required()	2	<div class="field-preview"><label>Email address</label><input type="email" placeholder="example@email.com"></div>
3	9	TextField::password	TextField	Password — hashed via Argon2 by default. Disable with .no_hash().	TextField::password("password").min_length(10, "10 characters minimum").no_hash()	3	<div class="field-preview"><label>Password</label><input type="password" placeholder="••••••••••"></div>
4	9	TextField::textarea	TextField	Multi-line text area.	TextField::textarea("bio").label("Biography").rows(5)	4	<div class="field-preview"><label>Biography</label><textarea rows="3" placeholder="Your text..."></textarea></div>
5	9	TextField::richtext	TextField	Rich text — sanitised server-side.	TextField::richtext("content").label("Content").required()	5	<div class="field-preview"><label>Content</label><textarea rows="4" placeholder="<p>Sanitised rich text...</p>"></textarea></div>
6	9	TextField::url	TextField	URL — validated server-side.	TextField::url("website").label("Website")	6	<div class="field-preview"><label>Website</label><input type="url" placeholder="https://example.com"></div>
7	9	NumericField::integer	NumericField	Integer — min/max validation.	NumericField::integer("age").min(0.0, "Positive").max(120.0, "Max 120").label("Age")	7	<div class="field-preview"><label>Age</label><input type="number" step="1" placeholder="42" min="0" max="120"></div>
8	9	NumericField::float	NumericField	Decimal number.	NumericField::float("price").min(0.0, "Positive").label("Price")	8	<div class="field-preview"><label>Price</label><input type="number" step="0.01" placeholder="3.14" min="0"></div>
9	9	NumericField::percent	NumericField	Percentage — restricted between 0 and 100.	NumericField::percent("discount").label("Discount (%)")	9	<div class="field-preview"><label>Discount (%)</label><input type="number" min="0" max="100" step="1" placeholder="75"></div>
10	9	NumericField::range	NumericField	Slider — min, max, default value.	NumericField::range("volume", 0.0, 100.0, 50.0).label("Volume")	10	<div class="field-preview"><label>Volume</label><input type="range" min="0" max="100" value="50" class="fp-range"><span class="fp-range-val">50</span></div>
11	9	BooleanField::new	BooleanField	Checkbox — returns true/false.	BooleanField::new("accept").label("I''accept the terms").required()	11	<div class="field-preview"><label class="fp-row"><input type="checkbox"> I accept the terms</label></div>
12	9	BooleanField::radio	BooleanField	Yes/No radio button.	BooleanField::radio("newsletter").label("Subscribe").checked()	12	<div class="field-preview"><label class="fp-row"><input type="radio" checked> Subscribe to newsletter</label></div>
13	9	ChoiceField::new	ChoiceField	Dropdown — static or dynamic options.	let opts = vec![ChoiceOption::new("fr", "France"), ChoiceOption::new("be", "Belgium")];\nChoiceField::new("country").label("Country").choices(opts).required()	13	<div class="field-preview"><label>Country</label><select><option value="">---</option><option value="fr">France</option><option value="be">Belgium</option><option value="ch">Switzerland</option></select></div>
14	9	RadioField::new	ChoiceField	Radio button group.	RadioField::new("role").label("Role")\n    .add_choice("admin", "Administrator")\n    .add_choice("user", "User")	14	<div class="field-preview"><label>Role</label><div class="fp-col"><label class="fp-row"><input type="radio" name="role_p" value="admin"> Administrator</label><label class="fp-row"><input type="radio" name="role_p" value="user" checked> User</label></div></div>
15	9	CheckboxField::new	ChoiceField	Multiple checkboxes — returns Vec<String>.	CheckboxField::new("tags").label("Categories")\n    .add_choice("rust", "Rust").add_choice("web", "Web")	15	<div class="field-preview"><label>Categories</label><div class="fp-col"><label class="fp-row"><input type="checkbox" value="rust" checked> Rust</label><label class="fp-row"><input type="checkbox" value="web"> Web</label></div></div>
16	9	DateField::new	DateField	Date — YYYY-MM-DD format.	DateField::new("birth_date").label("Date of birth").required()	16	<div class="field-preview"><label>Date of birth</label><input type="date"></div>
17	9	TimeField::new	DateField	Time — HH:MM format.	TimeField::new("meeting_time").label("Meeting time")	17	<div class="field-preview"><label>Meeting time</label><input type="time"></div>
18	9	DateTimeField::new	DateField	Combined date and time.	DateTimeField::new("event_start").label("Event start").required()	18	<div class="field-preview"><label>Event start</label><input type="datetime-local"></div>
19	9	FileField::image	FileField	Image — jpg jpeg png gif webp avif. Dimension validation possible.	FileField::image("avatar").upload_to("media/uploads").max_size_mb(5).max_dimensions(500, 500)	19	<div class="field-preview"><label>Avatar</label><input type="file" accept="image/*"></div>
20	9	FileField::document	FileField	Document — pdf doc docx txt odt.	FileField::document("cv").upload_to("media/docs").max_size_mb(10).required()	20	<div class="field-preview"><label>CV</label><input type="file" accept=".pdf,.doc,.docx,.txt,.odt"></div>
21	9	FileField::any	FileField	Any file type — customisable extensions.	FileField::any("data").allowed_extensions(vec!["csv", "json"]).upload_to("media/imports")	21	<div class="field-preview"><label>Data file</label><input type="file" accept=".csv,.json"></div>
22	9	SlugField::new	SpecialField	URL-friendly slug — validated server-side.	SlugField::new("slug").label("Slug").required()	22	<div class="field-preview"><label>Slug</label><input type="text" pattern="[a-z0-9-]+" placeholder="my-article-slug"></div>
23	9	ColorField::new	SpecialField	Hex colour picker.	ColorField::new("theme_color").label("Colour").default_color("#3b82f6")	23	<div class="field-preview"><label>Colour</label><input type="color" value="#3b82f6"></div>
24	9	UUIDField::new	SpecialField	UUID — validated server-side.	UUIDField::new("ref_id").label("Reference").required()	24	<div class="field-preview"><label>Reference</label><input type="text" placeholder="550e8400-e29b-41d4-a716-446655440000"></div>
25	9	JSONField::new	SpecialField	JSON textarea — validated server-side.	JSONField::new("config").label("JSON configuration").rows(10)	25	<div class="field-preview"><label>JSON configuration</label><textarea rows="3" placeholder='{"key": "value"}'></textarea></div>
26	9	IPAddressField::new	SpecialField	IP address — IPv4 or IPv6.	IPAddressField::new("server_ip").label("Server IP").ipv4_only().required()	26	<div class="field-preview"><label>Server IP</label><input type="text" placeholder="192.168.1.1"></div>
27	9	HiddenField::new	HiddenField	Hidden field — value submitted without visible rendering.	HiddenField::new("redirect_to")	27	<div class="field-preview"><code class="fp-muted">&lt;input type="hidden" value="..."&gt;</code><span class="fp-small"> — invisible in final rendering</span></div>
\.

COPY public.page_doc_link (id, page_id, label, url, link_type, sort_order) FROM stdin;
1	1	Doc FR	https://github.com/seb-alliot/runique/blob/main/docs/fr/01-installation.md	doc_fr	1
2	1	Doc EN	https://github.com/seb-alliot/runique/blob/main/docs/en/01-installation.md	doc_en	2
3	2	Doc FR	https://github.com/seb-alliot/runique/blob/main/docs/fr/02-configuration.md	doc_fr	1
4	2	Doc EN	https://github.com/seb-alliot/runique/blob/main/docs/en/02-configuration.md	doc_en	2
5	12	Doc FR	https://github.com/seb-alliot/runique/blob/main/docs/fr/exemple/upload/upload.md	doc_fr	1
6	12	Doc EN	https://github.com/seb-alliot/runique/blob/main/docs/en/exemple/upload/upload.md	doc_en	2
7	3	Doc FR	https://github.com/seb-alliot/runique/blob/main/docs/fr/03-migrations.md	doc_fr	1
8	3	Doc EN	https://github.com/seb-alliot/runique/blob/main/docs/en/03-migrations.md	doc_en	2
9	5	Doc FR	https://github.com/seb-alliot/runique/blob/main/docs/fr/auth/13-authentification.md	doc_fr	1
10	5	Doc EN	https://github.com/seb-alliot/runique/blob/main/docs/en/auth/13-authentification.md	doc_en	2
11	6	Doc FR	https://github.com/seb-alliot/runique/blob/main/docs/fr/auth/13-authentification.md	doc_fr	1
12	6	Doc EN	https://github.com/seb-alliot/runique/blob/main/docs/en/auth/13-authentification.md	doc_en	2
13	9	Doc FR	https://github.com/seb-alliot/runique/blob/main/docs/fr/formulaire/05-forms.md	doc_fr	1
14	9	Doc EN	https://github.com/seb-alliot/runique/blob/main/docs/en/formulaire/05-forms.md	doc_en	2
15	10	Doc FR	https://github.com/seb-alliot/runique/blob/main/docs/fr/formulaire/helpers/helpers.md	doc_fr	1
16	10	Doc EN	https://github.com/seb-alliot/runique/blob/main/docs/en/formulaire/helpers/helpers.md	doc_en	2
17	13	Doc FR	https://github.com/seb-alliot/runique/blob/main/docs/fr/orm/07-orm.md	doc_fr	1
18	13	Doc EN	https://github.com/seb-alliot/runique/blob/main/docs/en/orm/07-orm.md	doc_en	2
19	14	Doc FR	https://github.com/seb-alliot/runique/blob/main/docs/fr/orm/06-database.md	doc_fr	1
20	14	Doc EN	https://github.com/seb-alliot/runique/blob/main/docs/en/orm/06-database.md	doc_en	2
21	15	Doc FR	https://github.com/seb-alliot/runique/blob/main/docs/fr/orm/04-models.md	doc_fr	1
22	15	Doc EN	https://github.com/seb-alliot/runique/blob/main/docs/en/orm/04-models.md	doc_en	2
23	24	Doc FR	https://github.com/seb-alliot/runique/blob/main/docs/fr/middleware/csrf/csrf.md	doc_fr	1
24	24	Doc EN	https://github.com/seb-alliot/runique/blob/main/docs/en/middleware/csrf/csrf.md	doc_en	2
25	25	Doc FR	https://github.com/seb-alliot/runique/blob/main/docs/fr/middleware/csp/csp.md	doc_fr	1
26	25	Doc EN	https://github.com/seb-alliot/runique/blob/main/docs/en/middleware/csp/csp.md	doc_en	2
27	26	Doc FR	https://github.com/seb-alliot/runique/blob/main/docs/fr/middleware/allowed-hosts/allowed-hosts.md	doc_fr	1
28	26	Doc EN	https://github.com/seb-alliot/runique/blob/main/docs/en/middleware/allowed-hosts/allowed-hosts.md	doc_en	2
29	27	Doc FR	https://github.com/seb-alliot/runique/blob/main/docs/fr/middleware/https/https.md	doc_fr	1
30	27	Doc EN	https://github.com/seb-alliot/runique/blob/main/docs/en/middleware/https/https.md	doc_en	2
31	28	Doc FR	https://github.com/seb-alliot/runique/blob/main/docs/fr/middleware/login-guard/login-guard.md	doc_fr	1
32	28	Doc EN	https://github.com/seb-alliot/runique/blob/main/docs/en/middleware/login-guard/login-guard.md	doc_en	2
33	29	Doc FR	https://github.com/seb-alliot/runique/blob/main/docs/fr/middleware/rate-limit/rate-limit.md	doc_fr	1
34	29	Doc EN	https://github.com/seb-alliot/runique/blob/main/docs/en/middleware/rate-limit/rate-limit.md	doc_en	2
\.

COPY public.changelog_entry (id, version, release_date, category, title, description, sort_order) FROM stdin;
11	1.1.49	2026-03-19	Fix	is_valid() blocked all forms	Removed set_expected_value() from Forms::new(). CSRF is already validated upstream in Prisme — the double validation was invalidating every submission even with correct data.	1
6	1.1.50	2026-03-20	Fix	FileField — restriction validation	Invalid files are deleted from disk if validation fails. Submissions without a file no longer create orphan files. upload_to() applies the exact path; the move only happens in finalize() if validation passes.	1
7	1.1.50	2026-03-20	Feature	derive_form — file() option	Models can declare a file field in the DSL: image: String [file(image, "media/uploads")]. Available types: image, document, any.	2
8	1.1.50	2026-03-20	Added	RuniqueForm::clear() + Forms::clear_values()	Clears all field values (except CSRF) and resets submitted to false. Requires &mut self — callable from a handler or from save(&mut self).	3
9	1.1.50	2026-03-20	Fix	Upload form — browser dialog (PRG)	The handler now always redirects after each POST. Removes the "Do you want to resubmit?" browser dialog on page reload.	4
12	1.1.49	2026-03-19	Fix	Makemigrations — FK order and updated_at	New tables are topologically sorted before generation. updated_at generates ON UPDATE CURRENT_TIMESTAMP (MySQL) or a trigger (PostgreSQL). The diff detects columns that gained or lost DEFAULT CURRENT_TIMESTAMP.	2
14	1.1.51	20/03/2026	Fix	derive_form version → Runique	The publish order was reversed, publishing runique 1.1.50 with the wrong derive_form version 1.1.33 instead of 1.1.34.	4
21	1.1.53	2026/03/21 -> upcoming	Fix	Admin template override	Restore template override via the admin builder, and separate the demo logic.	4
15	1.1.53	2026/03/21	Added	Session invalidation	The ability to make a session unique will be available via the middleware builder, disabled by default.	3
17	1.1.53	2026/03/21	Added	Admin view role	Adding access permissions in the admin view is functional; the documentation will detail it further.	4
16	1.1.53	2026/03/21	Fix	Password	The password field is removed from the admin edit view. Password changes will be handled via a dedicated email-based reset form.	2
13	1.1.53	2026/03/21	Fix	Boolean field	An unchecked boolean field is now treated as false rather than absent — the required validator no longer requires the box to be checked.	1
18	1.1.53	2026/03/21 -> upcoming	Added	CSS versioning	CSS versioning based on a 4-digit token stored in a LazyLock at each rebuild.	1
19	1.1.53	2026/03/21 -> upcoming	Added	Pagination	Pagination via the builder is functional in the local demo.	2
20	1.1.53	2026/03/21 -> upcoming	Fix	trim	Passwords and other database inputs are natively trimmed, preventing any input mismatch caused by accidental whitespace.	3
\.

COPY public.blog (id, title, email, website, summary, content) FROM stdin;
\.

COPY public.roadmap_entry (id, status, title, description, link_url, link_label, sort_order, link_url_2, link_label_2) FROM stdin;
29	Planned	DX	cargo-watch not included. Template hot-reload in dev is only active when DEBUG=true.	\N	\N	14	\N	\N
30	Future	Forms	Rework of the system towards a widget-based approach.	\N	\N	15	\N	\N
31	Future	Refactoring — widget field system	The file() option is a pragmatic solution. The long-term direction is a refactoring of the field system to widgets (Django-style): each model field will be able to declare its render type independently of its SQL type.	\N	\N	16	\N	\N
16	Active	Test coverage	Target ~85% minimum — currently at ~82%.	https://github.com/seb-alliot/runique/blob/main/docs/couverture_test.md	View current coverage	3	\N	\N
17	Active	Bug(s) and fix(es)	Detection and correction of bugs. If you encountered unexpected behaviour, feel free to open an issue or contribute a PR!	/problemes-connus	Known issues	4	/changelog	Changelog
18	Planned	request.path_param / query_param	Direct access to parameters from request, without declaring Axum extractors as view parameters.	\N	\N	5	\N	\N
19	Planned	Tracing log	Enabled via builder — granular choice of events to trace: errors (log_error), DB queries (log_db), security (log_security), etc.	\N	\N	6	\N	\N
20	Planned	Runtime admin permissions	Role verification per resource on every admin request.	\N	\N	7	\N	\N
21	Planned	Boot validation	Refuse startup in production if the configuration is inconsistent or incomplete.	\N	\N	8	\N	\N
22	Future	axum-server — native TLS	Replace Nginx with axum-server — integrated TLS, self-contained binary in production without external dependencies.	\N	\N	9	\N	\N
23	Future	Native email	Email sending via lettre, email templates, configurable SMTP backend.	\N	\N	10	\N	\N
24	Future	Full auth flow	Account activation by email, password reset.	\N	\N	11	\N	\N
25	Future	Bulk admin actions	Batch deletion, custom actions declared per resource.	\N	\N	12	\N	\N
26	Future	Admin history	CRUD action log per user — who changed what and when.	\N	\N	13	\N	\N
14	Active	Feature	Admin view → Pagination, column sorting, search, list_display configurable per resource.	\N	\N	1	\N	\N
15	Active	CSRF secure-by-default	Enforce the POST → Prisme → handler contract for all mutations.	\N	\N	2	\N	\N
27	Planned	Session	Automatic session invalidation. Log out a user already connected on another device.	\N	\N	14	\N	\N
\.

COPY public.known_issue (id, version, title, description, issue_type, sort_order) FROM stdin;
9	1.1.50	Error tracing in DEBUG mode	Tracing is complete. No individual configuration possible at this time.	Missing	2
\.

COPY public.code_example (id, page_id, title, language, code, context, sort_order) FROM stdin;
1	5	formulaire/user.rs	rust	// Derive a form from the user model\n#[form(schema = runique_users,\n       fields = [username, email, password])]\npub struct RegisterForm;\n\n#[async_trait]\nimpl RuniqueForm for RegisterForm {\n    impl_form_access!(model);\n\n    async fn clean(&mut self) -> Result<(), StrMap> {\n        let mut errors = StrMap::new();\n        if self.cleaned_string("username").unwrap_or_default().len() < 3 {\n            errors.insert("username".into(), "3 characters minimum".into());\n        }\n        if !self.cleaned_string("email").unwrap_or_default().contains("@") {\n            errors.insert("email".into(), "invalid email address".into());\n        }\n        if self.cleaned_string("password").unwrap_or_default().len() < 10 {\n            errors.insert("password".into(), "10 characters minimum".into());\n        }\n        if errors.is_empty() { Ok(()) } else { Err(errors) }\n    }\n}	formulaire	1
2	5	handler	rust	pub async fn registration_submit(\n    mut request: Request,\n    Prisme(mut form): Prisme<RegisterForm>,\n) -> AppResult<Response> {\n    if request.is_post() && form.is_valid().await {\n        match form.save(&request.engine.db).await {\n            Ok(user) => {\n                auth_login(&request.session, &request.engine.db, user.id).await.ok();\n                return Ok(Redirect::to("/profile").into_response());\n            }\n            Err(err) => form.get_form_mut().database_error(&err),\n        }\n    }\n    context_update!(request => { "registration_form" => &form });\n    request.render("auth/registration.html")\n}	handler	2
3	5	registration.html	html	<form method="post" action="/registration">\n    {# Full render — CSRF included automatically #}\n    {% form.registration_form %}\n    <button type="submit">Sign up</button>\n</form>\n\n{# Field-by-field render — CSRF always included automatically #}\n<form method="post" action="/registration">\n    {% form.registration_form.username %}\n    {% form.registration_form.email %}\n    {% form.registration_form.password %}\n    <button type="submit">Sign up</button>\n</form>	template	3
4	6	formulaire/login.rs	rust	// Manual form — no model, no clean\npub struct LoginForm {\n    pub form: Forms,\n}\n\nimpl RuniqueForm for LoginForm {\n    fn register_fields(form: &mut Forms) {\n        form.field(\n            &TextField::text("username")\n                .label("Username")\n                .required(),\n        );\n        form.field(\n            &TextField::password("password")\n                .label("Password")\n                .required(),\n        );\n    }\n      impl_form_access!();\n}	formulaire	1
5	6	handler	rust	pub async fn login(\n    mut request: Request,\n    Prisme(form): Prisme<LoginForm>,\n) -> AppResult<Response> {\n    if request.is_post() && form.is_valid().await {\n        let username = form.cleaned_string("username").unwrap_or_default();\n        let password = form.cleaned_string("password").unwrap_or_default();\n\n        // Search via the built-in user entity\n        let user_opt = BuiltinUserEntity::find_by_username(&request.engine.db, &username).await;\n\n        match user_opt {\n            Some(user) if verify(&password, user.password_hash()) => {\n                auth_login(&request.session, &request.engine.db, user.user_id()).await?;\n                return Ok(Redirect::to("/profile").into_response());\n            }\n            _ => {}\n        }\n    }\n    request.render("auth/login.html")\n}	handler	2
6	12	formulaire/image.rs	rust	use runique::prelude::*;\n\npub struct ImageForm {\n    pub form: Forms,\n}\n\nimpl RuniqueForm for ImageForm {\n    impl_form_access!();\n\n    fn register_fields(form: &mut Forms) {\n        form.field(\n            &FileField::image("image")\n                .label("Choose an image")\n                .upload_to("media/uploads/images")\n                .required()\n                .max_size_mb(5)\n                .max_files(3)\n                .max_dimensions(1920, 1080)\n                .allowed_extensions(vec!["png", "jpg", "jpeg", "gif"]),\n        );\n    }\n}	formulaire	1
7	12	FileField types	rust	// Images: jpg jpeg png gif webp avif\nFileField::image("avatar")\n\n// Documents: pdf doc docx txt odt\nFileField::document("cv")\n\n// Any file type\nFileField::any("file")\n\n// Custom extensions\nFileField::any("data")\n    .allowed_extensions(vec!["csv", "json"])	\N	2
8	12	Upload path	rust	// Fixed path in code\nFileField::image("photo")\n    .upload_to("media/uploads/photos")\n\n// From MEDIA_ROOT variable in .env\nFileField::image("photo")\n    .upload_to_env()\n\n// Without upload_to → MEDIA_ROOT directly	\N	3
9	12	handler	rust	pub async fn upload_image_submit(\n    mut request: Request,\n    Prisme(mut form): Prisme<ImageForm>,\n) -> AppResult<Response> {\n    if request.is_post() && form.is_valid().await {\n        if form.is_valid().await {\n            success!(request.notices => "File uploaded successfully!");\n        } else {\n            error!(request.notices => "Validation error");\n        }\n        return Ok(Redirect::to("/upload-image").into_response());\n    }\n    context_update!(request => { "image_form" => &form });\n    request.render("forms/upload_image.html")\n}	handler	4
10	9	Manual declaration — register_fields	rust	use runique::prelude::*;\n\n#[derive(Serialize, Debug, Clone)]\n#[serde(transparent)]\npub struct MyForm {\n    pub form: Forms,\n}\n\nimpl RuniqueForm for MyForm {\n    fn register_fields(form: &mut Forms) {\n        form.field(&TextField::text("username")\n            .label("Username"));\n\n        form.field(&TextField::email("email")\n            .label("Email address"));\n\n        form.field(&TextField::password("password")\n            .label("Password")\n            .min_length(8, "8 characters minimum"));\n\n        form.field(&NumericField::integer("age")\n            .label("Age")\n            .min(0.0, "Positive value"));\n\n        form.field(&BooleanField::new("active")\n            .label("Active account"));\n\n        let roles = vec![\n            ChoiceOption::new("admin", "Administrator"),\n            ChoiceOption::new("user", "User"),\n        ];\n        form.field(&ChoiceField::new("role")\n            .label("Role")\n            .choices(roles));\n    }\n}	formulaire	1
11	9	#[form] proc macro — based on a DB schema	rust	use crate::entities::contribution::schema as contribution;\nuse runique::prelude::*;\n\n// Fields are read from the SeaORM schema\n// — types, constraints, nullable deduced automatically\n#[form(schema = contribution, fields = [title, content])]\npub struct ContributionForm;\n\n#[async_trait]\nimpl RuniqueForm for ContributionForm {\n    impl_form_access!(model);\n\n    async fn clean(&mut self) -> Result<(), StrMap> {\n        let title = self.cleaned_string("title").unwrap_or_default();\n        let mut errors = StrMap::new();\n\n        if title.len() < 5 {\n            errors.insert(\n                "title".to_string(),\n                "5 characters minimum".to_string(),\n            );\n        }\n\n        if errors.is_empty() { Ok(()) }\n        else { Err(errors) }\n    }\n}	formulaire	2
12	9	Key difference	rust	// Manual — full control, no DB entity\n// -> ideal for contact forms, login, search\n\n// #[form] — wired to the SeaORM schema\n// -> ideal for CRUD, Django-like ModelForm\n// -> form.save(&db).await? available automatically	\N	3
29	3	Declare a model — model! macro	rust	use runique::prelude::*;\n\nmodel! {\n    Article,\n    table: "article",\n    pk: id => i32,\n    fields: {\n        title:      String   [required, max_len(255)],\n        content:    text     [required],\n        author_id:  i32      [required, fk(runique_users.id, cascade)],\n        published:  bool     [required, default(false)],\n        created_at: datetime [auto_now],\n        updated_at: datetime [auto_now_update],\n    }\n}	entities/article.rs	1
13	10	POST helpers — after is_valid()	rust	// Default value if the field is empty\nform.cleaned_string("username").unwrap_or_default()     // -> String  ("" if empty)\nform.cleaned_i32("age").unwrap_or_default()             // -> i32     (0 by default)\nform.cleaned_f64("price").unwrap_or_default()           // -> f64     (handles , -> .)\nform.cleaned_bool("active").unwrap_or_default()         // -> bool    (true/1/on -> true)\nform.cleaned_uuid("ref").unwrap_or_default()            // -> Uuid    (Uuid::nil() if empty)\n\n// Option — None if empty\nform.cleaned_string("bio")          // -> Option<String>\nform.cleaned_i32("age")             // -> Option<i32>\nform.cleaned_f64("note")            // -> Option<f64>\nform.cleaned_bool("news")           // -> Option<bool>\nform.cleaned_uuid("id")             // -> Option<Uuid>	handler	1
14	10	clear() — empty the form after processing	rust	// Re-render an empty form after success (without redirect)\nif form.is_valid().await {\n    let path = form.cleaned_string("image").unwrap_or_default(); // 1. read before clear\n    // save...\n    form.clear();                            // 2. clear\n    context_update!(request => { "upload_form" => &form });\n    return request.render(template);         // 3. empty form displayed\n}\n\n// With redirect (PRG): clear() is unnecessary\n// the new GET request creates a fresh instance automatically	handler	2
15	10	Date / time helpers	rust	form.cleaned_naive_date("birthday")\nform.cleaned_naive_time("meeting")\nform.cleaned_naive_datetime("event_start")\nform.cleaned_datetime_utc("created_at")\n\n// All return Option<T>	handler	3
16	10	Raw URL parameter access — from Request	rust	// Declared route: "/article/{id}"\nlet id   = request.path_param("id");  // Option<&str>\n\n// Query string: /article/42?page=2\nlet page = request.from_url("page"); // Option<&str>	handler	4
17	10	cleaned_*() — whitelist, type, all sources	rust	// Priority: POST -> path param -> query param\n// None if the field is not declared in the form\n\nform.cleaned_string("search")    // Option<String>\nform.cleaned_i32("page")         // Option<i32>\nform.cleaned_i64("id")           // Option<i64>\nform.cleaned_f64("price")        // Option<f64>  (handles , -> .)\nform.cleaned_bool("active")      // Option<bool>\nform.cleaned_string("is_admin")  // None — unknown field	handler	5
18	10	Real example — search GET /blog/list?search=rust	rust	// views.rs — filter articles by query string\npub async fn blog_list(\n    mut request: Request,\n    Prisme(form): Prisme<SearchDemoForm>,\n) -> AppResult<Response> {\n    let search = form.cleaned_string("search");\n\n    let mut query = BlogEntity::find();\n    if let Some(ref term) = search {\n        query = query.filter(\n            Condition::any()\n                .add(Column::Title.contains(term))\n                .add(Column::Summary.contains(term)),\n        );\n    }\n    // ...\n}\n\n// Real example: user search /view-user?username=alice\nlet username = form.cleaned_string("username").unwrap_or_default();	handler	6
19	29	Apply to a route — urls.rs	rust	use runique::macros::routeur::register_url::register_pending;\nuse runique::prelude::*;\nuse std::sync::Arc;\n\npub fn routes() -> Router {\n    let limiter = Arc::new(\n        RateLimiter::new()\n            .max_requests(5)\n            .retry_after(60),\n    );\n\n    // register_pending is required for {% link ''route_name'' %}\n    // to work in Tera templates.\n    register_pending("upload_image", "/upload-image");\n\n    let upload_route = Router::new()\n        .route("/upload-image", view!(upload_handler))\n        .route_layer(middleware::from_fn_with_state(limiter, rate_limit_middleware));\n\n    urlpatterns! {\n        // other routes...\n    }.merge(upload_route)\n}	urls	1
20	29	Configuration examples	rust	// 5 requests per minute\nRateLimiter::new().max_requests(5).retry_after(60)\n\n// 3 requests per 5 minutes\nRateLimiter::new().max_requests(3).retry_after(300)\n\n// 100 requests per minute (default: 60/60)\nRateLimiter::new().max_requests(100).retry_after(60)	\N	2
21	29	How it works	text	// Sliding window per IP address.\n// Counter reset after retry_after seconds.\n\n// Response when the limit is exceeded:\nHTTP/1.1 429 Too Many Requests\nRetry-After: 42\n\n// The Retry-After header indicates\n// the delay before the next window.	\N	3
22	29	Order in the builder	text	// Custom middlewares are inserted at slot 20+.\n// They execute BEFORE session and CSRF.\n\nExtensions(0)\n  -> ErrorHandler(10)\n  -> RateLimiter(20)   // here\n  -> Cache(40)\n  -> Session(50)\n  -> CSRF(60)\n  -> routes	\N	4
23	1	Cargo.toml — workspace	toml	[workspace]\nmembers = ["myapp", "myapp/migration"]\nresolver = "2"\n\n[workspace.package]\nversion = "0.1.0"\nedition = "2024"\nrust-version = "1.85"\n\n[workspace.dependencies]\nrunique  = { version = "1.1.50", features = ["orm", "postgres"] }\ntokio    = { version = "1", features = ["full"] }\nserde    = { version = "1", features = ["derive"] }	Cargo.toml	1
24	1	.env	bash	SECRET_KEY=a_long_random_secret_key\nDATABASE_URL=postgres://user:password@localhost:5432/my_database\nDEBUG=true	.env	2
25	1	CLI commands	bash	# Install the CLI\ncargo install runique\n\n# Generate the project\nrunique new my-project\n\n# Start the server (template hot reload in DEBUG)\nrunique start\n\n# Migrations\nrunique makemigrations\nrunique migrate up\nrunique migrate down\nrunique migrate status	terminal	3
26	2	main.rs — full builder	rust	use runique::prelude::*;\n\n#[tokio::main]\nasync fn main() -> Result<(), Box<dyn std::error::Error>> {\n    init_logging();\n    password_init(PasswordConfig::auto_with(Manual::Argon2));\n    set_lang(Lang::En);\n\n    let config = RuniqueConfig::from_env();\n    let db     = DatabaseConfig::from_env()?.build().connect().await?;\n\n    RuniqueApp::builder(config)\n        .routes(url::routes())\n        .with_database(db)\n        .statics()\n        .middleware(|m| {\n            m.with_session_memory_limit(5 * 1024 * 1024, 10 * 1024 * 1024)\n             .with_session_cleanup_interval(5)\n             .with_allowed_hosts(|h| {\n                 h.enabled(!is_debug())\n                  .host("mysite.com")\n                  .host("www.mysite.com")\n             })\n             .with_csp(|c| {\n                 c.policy(SecurityPolicy::strict())\n                  .with_upgrade_insecure(!is_debug())\n                  .images(vec!["''self''", "data:"])\n             })\n        })\n        .with_admin(|a| {\n            a.site_title("Administration")\n             .auth(RuniqueAdminAuth::new())\n             .routes(admins::routes("/admin"))\n        })\n        .build().await?\n        .run().await?;\n\n    Ok(())\n}	main.rs	1
27	2	RuniqueConfig — .env variables	bash	# Required\nSECRET_KEY=256_bit_secret_key\nDATABASE_URL=postgres://user:pass@localhost/db\n\n# Optional\nDEBUG=true           # Enables template hot reload + debug traces\nHOST=127.0.0.1       # default 127.0.0.1\nPORT=3000            # default 3000	.env	2
28	2	Middleware — available options	rust	m.with_session_duration(Duration::hours(24))\n .with_session_memory_limit(soft, hard)   // bytes\n .with_session_cleanup_interval(minutes)\n\n .with_allowed_hosts(|h| h.host("...").enabled(true))\n .with_csp(|c| c.policy(SecurityPolicy::strict()))\n .with_https_redirect(true)	builder	3
30	3	Migration commands	bash	# Generate migration files from entities\nrunique makemigrations\n\n# Apply all pending migrations\nrunique migrate up\n\n# Revert the last migration\nrunique migrate down\n\n# View migration status\nrunique migrate status	terminal	2
31	3	Generated migration file	rust	use sea_orm_migration::prelude::*;\n\n#[derive(DeriveMigrationName)]\npub struct Migration;\n\n#[async_trait::async_trait]\nimpl MigrationTrait for Migration {\n    async fn up(&self, manager: &SchemaManager) -> Result<(), DbErr> {\n        manager.create_table(\n            Table::create()\n                .table(Alias::new("article"))\n                .if_not_exists()\n                .col(ColumnDef::new(Alias::new("id")).integer().not_null()\n                    .auto_increment().primary_key())\n                .col(ColumnDef::new(Alias::new("title")).string().not_null())\n                .col(ColumnDef::new(Alias::new("content")).text().not_null())\n                .col(ColumnDef::new(Alias::new("published")).boolean().not_null()\n                    .default(false))\n                .to_owned(),\n        ).await\n    }\n\n    async fn down(&self, manager: &SchemaManager) -> Result<(), DbErr> {\n        manager.drop_table(Table::drop().table(Alias::new("article")).to_owned()).await\n    }\n}	generated migration	3
32	4	Routes	rust	-- Django (urls.py)\nurlpatterns = [\n    path("articles/",      views.article_list, name="article_list"),\n    path("articles/<id>/", views.article_detail, name="article_detail"),\n]\n\n-- Runique (url.rs)\nurlpatterns! {\n    "/articles"      => view! { article_list },   name = "article_list",\n    "/articles/{id}" => view! { article_detail }, name = "article_detail",\n}	urls	1
33	4	Views	rust	-- Django (views.py)\ndef article_list(request):\n    articles = Article.objects.all()\n    return render(request, "articles.html", {"articles": articles})\n\n-- Runique (views.rs)\npub async fn article_list(mut request: Request) -> AppResult<Response> {\n    let db = request.engine.db.clone();\n    let articles = Article::objects.all().all(&*db).await?;\n    context_update!(request => { "articles" => &articles });\n    request.render("articles.html")\n}	views	2
34	4	Models	rust	-- Django (models.py)\nclass Article(models.Model):\n    title   = models.CharField(max_length=255)\n    content = models.TextField()\n    author  = models.ForeignKey(User, on_delete=models.CASCADE)\n\n-- Runique (entities/article.rs)\nmodel! {\n    Article,\n    table: "article",\n    pk: id => i32,\n    fields: {\n        title:     text [max_length: 255, required],\n        content:   text [required],\n        author_id: i32 [required],\n    },\n    relations: {\n        belongs_to: user via author_id [cascade],\n    }\n}\n\nimpl_objects!(Article);\n	models	3
35	4	Forms	rust	-- Django (forms.py)\nif form.is_valid():\n    title = form.cleaned_data["title"]\n\n-- Runique (views.rs)\nif form.is_valid().await {\n    // Simplified direct access\n    let title = form.cleaned_string("title").unwrap_or_default();\n    \n    // Or whitelist (POST > URL)\n    let search = form.cleaned_string("search").unwrap_or_default();\n}	forms	4
36	4	Configuration	rust	-- Django (settings.py)\nSECRET_KEY = "..."\nDATABASES  = { "default": { "ENGINE": "django.db.backends.postgresql", ... } }\nDEBUG      = True\n\n-- Runique (.env + main.rs)\nSECRET_KEY=...\nDATABASE_URL=postgres://user:pass@localhost/db\nDEBUG=true\n\n// main.rs\nlet config = RuniqueConfig::from_env();\nlet db     = DatabaseConfig::from_env()?.build().connect().await?;	settings	5
37	11	Full form render	html	<form method="POST" action="/registration">\n    {# Render all fields + CSRF automatically #}\n    {% form.registration_form %}\n    <button type="submit">Sign up</button>\n</form>	template	1
38	11	Field-by-field render	html	<form method="POST" action="/registration">\n    {# CSRF always included automatically — field by field or full render #}\n    {% form.registration_form.username %}\n    {% form.registration_form.email %}\n    {% form.registration_form.password %}\n\n    <button type="submit">Sign up</button>\n</form>	template	2
39	11	Flash messages in template	html	{# Runique tag — automatic message rendering #}\n{% messages %}\n\n{# Generated structure (internal message.html): #}\n{% if messages %}\n    {% messages }\n{% endif %}	template	3
40	13	Basic queries — SeaORM	rust	let db = request.engine.db.clone();\n\n// All records\nlet articles = article::Entity::find()\n    .all(&*db).await.unwrap_or_default();\n\n// With filter\nlet article = article::Entity::find()\n    .filter(article::Column::Slug.eq("my-article"))\n    .one(&*db).await.unwrap_or(None);\n\n// By primary key\nlet article = article::Entity::find_by_id(42)\n    .one(&*db).await.unwrap_or(None);\n\n// Sort + limit\nlet recent = article::Entity::find()\n    .order_by_desc(article::Column::CreatedAt)\n    .limit(10)\n    .all(&*db).await.unwrap_or_default();	handler	1
41	13	Django style — impl_objects! macro	rust	// In entities/article.rs\nmodel! { Article, ... }\nimpl_objects!(Entity);   // Enables the objects manager\n\n// In views.rs\nlet all     = Article::objects.all().all(&db).await?;\nlet active  = Article::objects.filter(Column::Published.eq(true)).all(&db).await?;\nlet count   = Article::objects.count(&db).await?;\nlet found   = Article::objects.get(&db, 42).await?;        // Err if missing\nlet opt     = Article::objects.get_optional(&db, 99).await?; // None if missing\nlet or_404  = Article::objects.get_or_404(&db, id, &request, "Not found").await?;	handler	2
42	13	Create / Update / Delete	rust	use sea_orm::ActiveValue::Set;\nuse crate::entities::article::ActiveModel;\n\n// Create\nlet new_article = ActiveModel {\n    title:     Set("My article".to_string()),\n    content:   Set("Content...".to_string()),\n    published: Set(false),\n    ..Default::default()\n};\nlet saved = new_article.insert(&*db).await?;\n\n// Update\nlet mut article: ActiveModel = found.into();\narticle.title = Set("New title".to_string());\narticle.update(&*db).await?;\n\n// Delete\narticle::Entity::delete_by_id(42).exec(&*db).await?;	handler	3
43	14	DatabaseConfig — from .env	rust	// .env\n// DATABASE_URL=postgres://user:pass@localhost:5432/mydb\n\nlet config = DatabaseConfig::from_env()?\n    .min_connections(1)\n    .max_connections(20)\n    .build();\n\nlet db: DatabaseConnection = config.connect().await?;	main.rs	1
44	14	DatabaseConfig — from direct URL	rust	let config = DatabaseConfig::from_url(\n    "postgres://user:pass@localhost:5432/mydb"\n)?\n.max_connections(50)\n.connect_timeout(Duration::from_secs(10))\n.build();\n\nlet db = config.connect().await?;	main.rs	2
45	14	Supported engines	text	postgres://  or  postgresql://   → PostgreSQL\nmysql://                         → MySQL\nmariadb://                       → MariaDB\nsqlite://                        → SQLite\n\n// Cargo.toml feature flags\nrunique = { version = "1.1.50", features = ["orm", "postgres"] }\nrunique = { version = "1.1.50", features = ["orm", "mysql"] }\nrunique = { version = "1.1.50", features = ["orm", "sqlite"] }	\N	3
78	32	Enable admin in the builder	rust	RuniqueApp::builder(config)\n    .with_admin(|a| {\n        a.site_title("My Administration")\n         .auth(RuniqueAdminAuth::new())\n         .routes(admins::routes("/admin"))\n         // Custom dashboard (optional)\n         .templates(|t| t.with_dashboard("admin/my_dashboard.html"))\n         .with_state(admins::admin_state())\n    })	main.rs	1
46	15	model! macro — all types	rust	use runique::prelude::*;\n\nmodel! {\n    Product,\n    table: "product",\n    pk: id => i32,\n    fields: {\n        // Basic types\n        name:        String   [required, max_len(255)],\n        slug:        String   [required, unique, max_len(255)],\n        description: text     [nullable],\n        price:       f64      [required],\n        stock:       i32      [required, default(0)],\n        active:      bool     [required, default(true)],\n\n        // Foreign key\n        category_id: i32      [required, fk(category.id, cascade)],\n\n        // Automatic timestamps\n        created_at:  datetime [auto_now],\n        updated_at:  datetime [auto_now_update],\n    }\n}	entities/product.rs	1
47	15	Available modifiers	text	[required]               NOT NULL field\n[nullable]               NULL field\n[unique]                 UNIQUE constraint\n[max_len(N)]             VARCHAR(N)\n[default(value)]         SQL default value\n[auto_now]               CURRENT_TIMESTAMP on creation\n[auto_now_update]        CURRENT_TIMESTAMP on each update\n[fk(table.col, cascade)] foreign key with ON DELETE CASCADE\n[fk(table.col, null)]    foreign key with ON DELETE SET NULL	\N	2
48	15	Enable the objects manager	rust	model! {\n    Article,\n    table: "article",\n    pk: id => i32,\n    fields: { title: String [required] }\n}\n\n// Enables Article::objects.all(), .filter(), .get(), etc.\nimpl_objects!(Entity);	entities/article.rs	3
49	16	urlpatterns! — route declaration	rust	use runique::prelude::*;\nuse crate::views::*;\n\npub fn routes() -> Router {\n    urlpatterns! {\n        "/"                 => view! { index },          name = "index",\n        "/articles"         => view! { article_list },   name = "article_list",\n        "/articles/{id}"    => view! { article_detail }, name = "article_detail",\n        "/articles/{id}/edit" => view! { article_edit }, name = "article_edit",\n        "/registration"     => view! { registration },   name = "registration",\n    }\n}	url.rs	1
50	16	Read a path parameter	rust	// Route: "/articles/{id}"\npub async fn article_detail(mut request: Request) -> AppResult<Response> {\n    let id = request.path_param("id")\n        .and_then(|s| s.parse::<i32>().ok())\n        .unwrap_or(0);\n\n    let db = request.engine.db.clone();\n    let article = article::Entity::find_by_id(id)\n        .one(&*db).await.unwrap_or(None);\n\n    context_update!(request => { "article" => &article });\n    request.render("article/detail.html")\n}	handler	2
51	16	Named links in templates	html	{# Simple route — pre-processed as {{ link(link=''index'') }} #}\n<a href=''{% link "index" %}''>Home</a>\n\n{# Route parameter — pre-processed as {{ link(link=''article_detail'', id=article.id) }} #}\n<a href=''{% link "article_detail" id=article.id %}''>{{ article.title }}</a>\n\n{# No query — clean URL #}\n<a href=''{% link "article_list" %}''>All articles</a>\n\n{# With query — pre-processed as {{ link(link=''article_list'', query={page: 2}) }} #}\n<a href=''{% link "article_list" query={page: 2} %}''>Next page</a>	template	3
52	17	Static and media files	html	{# Files in static/ #}\n<link rel="stylesheet" href="{% static "css/style.css" %}">\n<script src="{% static "js/app.js" %}"></script>\n\n{# Files in media/ (user uploads) #}\n<img src="{% media article.image %}" alt="...">	template	1
53	17	CSRF + CSP nonce	html	<form method="POST">\n    {# CSRF automatic — included in every Runique form render #}\n    {% form.my_form %}\n    ...\n</form>\n\n{# CSP nonce — for authorised inline scripts #}\n<script nonce="{{ csp_nonce }}">\n    console.log(''authorised by CSP'');\n</script>	template	2
54	17	Flash messages	html	{# In the template — Runique tag #}\n{% messages %}\n\n{# In the Rust handler #}\nsuccess!(request.notices => "Saved!");\nerror!(request.notices   => "Error.");\ninfo!(request.notices    => "Info.");\nwarning!(request.notices => "Warning.");	template	3
55	17	Template inheritance	html	{# base.html — parent template #}\n<html>\n<body>\n    {% block content %}{% endblock %}\n</body>\n</html>\n\n{# page.html — child template #}\n{% extends "base.html" %}\n{% block content %}\n    <h1>My content</h1>\n{% endblock %}	template	4
56	20	Language configuration	rust	use runique::prelude::*;\n\n// In main() — before starting the server\nset_lang(Lang::Fr);    // French\nset_lang(Lang::En);    // English (default)\nset_lang(Lang::De);    // German\nset_lang(Lang::Es);    // Spanish\nset_lang(Lang::It);    // Italian\nset_lang(Lang::Pt);    // Portuguese\nset_lang(Lang::Ja);    // Japanese\nset_lang(Lang::Zh);    // Chinese\nset_lang(Lang::Ru);    // Russian	main.rs	1
57	20	Available languages	text	Lang::Fr  — French\nLang::En  — English    (default)\nLang::De  — German\nLang::Es  — Spanish\nLang::It  — Italian\nLang::Pt  — Portuguese\nLang::Ja  — Japanese\nLang::Zh  — Chinese\nLang::Ru  — Russian\n\n// Auto-detection from browser locale\nlet lang = Lang::from("fr-FR");  // → Lang::Fr\nlet lang = Lang::from("en-US");  // → Lang::En	\N	2
58	20	Translations in templates	html	{# Simple translation key #}\n{{ ''forms.required'' | t }}\n{# → "This field is required"   (En) #}\n{# → "Ce champ est obligatoire" (Fr) #}\n\n{# Key with numeric parameter #}\n{{ ''forms.too_short'' | t(n=8) }}\n{# → "8 characters minimum" #}	template	3
59	21	Configuration in the builder	rust	RuniqueApp::builder(config)\n    .middleware(|m| {\n        m\n        // Memory limits: soft 5 MB, hard 10 MB\n        .with_session_memory_limit(5 * 1024 * 1024, 10 * 1024 * 1024)\n\n        // Automatic cleanup every 5 minutes\n        .with_session_cleanup_interval(5)\n\n        // Session lifetime (default: 24h)\n        .with_session_duration(Duration::hours(12))\n    })	main.rs	1
60	21	Read / write in a handler	rust	pub async fn my_handler(mut request: Request) -> AppResult<Response> {\n    // Read\n    let user_id = request.session\n        .get::<i32>("user_id").await\n        .ok().flatten();\n\n    // Write\n    request.session.insert("user_id", 42).await.ok();\n    request.session.insert("username", "alice").await.ok();\n\n    // Delete a key\n    request.session.remove::<i32>("user_id").await.ok();\n\n    // Invalidate the entire session (logout)\n    request.session.flush().await.ok();\n\n    request.render("profile.html")\n}	handler	2
61	22	context_update! — inject Tera variables	rust	pub async fn my_view(mut request: Request) -> AppResult<Response> {\n    let articles = vec!["Article 1", "Article 2"];\n\n    // Inject into Tera context\n    context_update!(request => {\n        "title"    => "My page",\n        "articles" => &articles,\n        "count"    => articles.len(),\n    });\n\n    request.render("my_page.html")\n}	handler	1
62	22	Flash macros — user messages	rust	// In a handler\nsuccess!(request.notices => "Saved successfully!");\nerror!(request.notices   => "An error occurred.");\ninfo!(request.notices    => "Checking...");\nwarning!(request.notices => "Warning: session expiring soon.");\n\n// flash_now! — message injected directly into context\ncontext_update!(request => {\n    "messages" => flash_now!(success => "Created!"),\n});	handler	2
63	22	impl_from_error! — convert errors	rust	// Automatically converts DbErr and others to AppError\nimpl_from_error!(\n    sea_orm::DbErr      => database_error,\n    std::io::Error      => internal_error,\n    serde_json::Error   => serialization_error,\n);\n\n// Allows using ? in handlers\npub async fn handler(mut request: Request) -> AppResult<Response> {\n    let article = Article::find_by_id(1).one(&*db).await?; // DbErr converted\n    Ok(request.render("page.html")?)\n}	handler	3
64	24	POST contract — Prisme extractor	rust	// Every POST form must go through Prisme<T>\n// Prisme validates the CSRF token before entering the handler.\npub async fn registration(\n    mut request: Request,\n    Prisme(mut form): Prisme<RegisterForm>,\n) -> AppResult<Response> {\n    if request.is_post() && form.is_valid().await {\n        // Secure processing — CSRF has been validated\n        return Ok(Redirect::to("/profile").into_response());\n    }\n    context_update!(request => { "form" => &form });\n    request.render("auth/registration.html")\n}	handler	1
65	24	CSRF token in template	html	<form method="POST" action="{% link "registration" %}">\n    {# Full render — CSRF included automatically #}\n    {% form.registration_form %}\n    <button type="submit">Sign up</button>\n</form>\n\n{# Field-by-field render — CSRF always included automatically #}\n<form method="POST" action="{% link "registration" %}">\n    {% form.registration_form.username %}\n    {% form.registration_form.password %}\n    <button type="submit">Sign up</button>\n</form>	template	2
66	24	Internal mechanism	text	// GET  → token generated, stored in session, injected into Tera context\n// POST → Prisme extracts the token from the body, compares in constant-time\n//        (via subtle::ConstantTimeEq to prevent timing attacks)\n\n// If the token is invalid or missing:\n//   → empty form + CSRF error message\n//   → the handler is never executed\n\n// The token is tied to the session — it changes with each new session.	\N	3
67	25	Configuration in the builder	rust	RuniqueApp::builder(config)\n    .middleware(|m| {\n        m.with_csp(|c| {\n            c.policy(SecurityPolicy::strict())\n             .with_header_security(true)        // X-Frame-Options, X-Content-Type, etc.\n             .with_upgrade_insecure(!is_debug()) // HTTP → HTTPS in prod\n             .images(vec!["''self''", "data:"])  // Allow data: for images\n        })\n    })	main.rs	1
68	25	Predefined policies	rust	// Strict: blocks everything not explicitly allowed\nSecurityPolicy::strict()\n\n// Permissive: for dev / migration phases\nSecurityPolicy::permissive()\n\n// Generated header (strict):\n// Content-Security-Policy:\n//   default-src ''self'';\n//   script-src ''self'' ''nonce-abc123'';\n//   style-src ''self'';\n//   img-src ''self'' data:;\n//   object-src ''none'';\n//   frame-ancestors ''none'';\n//   upgrade-insecure-requests	\N	2
69	25	CSP nonce for inline scripts	html	{# The nonce is regenerated on every request.\n   It is automatically injected into the CSP header. #}\n<script nonce="{{ csp_nonce }}">\n    // This inline script is allowed by CSP\n    document.querySelector(''form'').addEventListener(''submit'', ...);\n</script>	template	3
70	26	Configuration in the builder	rust	RuniqueApp::builder(config)\n    .middleware(|m| {\n        m.with_allowed_hosts(|h| {\n            h.enabled(!is_debug())  // disabled in dev, active in prod\n             .host("mysite.com")\n             .host("www.mysite.com")\n             .host("mysite.up.railway.app")\n        })\n    })	main.rs	1
71	26	Behaviour	text	// If the Host header of the request does not match\n// any allowed host:\n//   → 400 Bad Request\n\n// Comparison: case-insensitive, IPv6 normalisation\n// Wildcards:\n//   .example.com  →  accepts foo.example.com, bar.example.com\n//   (does not match example.com without a subdomain)\n\n// Disabled when enabled(false) — all requests pass through.	\N	2
72	27	Enable HTTPS redirect	rust	RuniqueApp::builder(config)\n    .middleware(|m| {\n        m.with_csp(|c| {\n            c.policy(SecurityPolicy::strict())\n             // Enables "upgrade-insecure-requests" in the CSP header\n             // + 301 HTTP → HTTPS redirect\n             .with_upgrade_insecure(!is_debug())\n        })\n    })	main.rs	1
73	27	Prerequisites — reverse proxy	text	// Runique must sit behind a reverse proxy (Nginx, Caddy, Railway...)\n// that terminates TLS and forwards requests in HTTP.\n\n// The proxy must send the header:\n//   X-Forwarded-Proto: https\n\n// Nginx example:\n//   proxy_set_header X-Forwarded-Proto $scheme;\n\n// Without a TLS proxy, with_upgrade_insecure(true) has no visible effect.	\N	2
74	28	Create a LoginGuard	rust	use runique::prelude::*;\nuse std::sync::Arc;\n\n// In main() or in the routes module\nlet guard = Arc::new(\n    LoginGuard::new()\n        .max_attempts(5)    // attempts before lockout\n        .lockout_secs(300), // 5-minute lockout\n);\n\n// Clean up expired entries regularly\nguard.spawn_cleanup(tokio::time::Duration::from_secs(60));	main.rs	1
75	28	Usage in the login handler	rust	pub async fn login(\n    mut request: Request,\n    Prisme(form): Prisme<LoginForm>,\n    State(guard): State<Arc<LoginGuard>>,\n) -> AppResult<Response> {\n    let username = form.get_string("username");\n    let ip       = request.client_ip().unwrap_or_default();\n\n    // Key by username if filled, otherwise by IP\n    if guard.is_locked_for(&username, &ip) {\n        let secs = guard.retry_after_secs_for(&username, &ip);\n        warning!(request.notices => format!("Account locked. Try again in {secs}s."));\n        return request.render("auth/login.html");\n    }\n\n    if request.is_post() && form.is_valid().await {\n        match authenticate(&username, &password, &db).await {\n            Some(user) => {\n                guard.record_success_for(&username, &ip);\n                auth_login(&request.session, &db, user.id).await;\n                return Ok(Redirect::to("/profile").into_response());\n            }\n            None => {\n                guard.record_failure_for(&username, &ip);\n                error!(request.notices => "Incorrect credentials.");\n            }\n        }\n    }\n    request.render("auth/login.html")\n}	handler	2
76	31	admin.rs — admin! macro	rust	use crate::entities::{users, blog, article};\nuse crate::formulaire::{RegisterForm, BlogForm, ArticleForm};\n\n// This file is the SOURCE for "runique start"\n// which regenerates src/admin/generated.rs automatically.\nadmin! {\n    users: users::Model => RegisterForm {\n        title: "Users"\n    }\n    blog: blog::Model => BlogForm {\n        title: "Blog articles"\n    }\n    article: article::Model => ArticleForm {\n        title: "Articles"\n    }\n}	admin.rs	1
77	31	admin! macro rules	text	// Syntax:\n// resource_name: entity::Model => FormType {\n//     title: "Label in the menu"\n// }\n\n// resource_name  →  URL segment (/admin/resource_name/)\n// entity::Model  →  SeaORM model generated by model!\n// FormType       →  form implementing RuniqueForm\n\n// runique start regenerates src/admin/generated.rs on each startup.	\N	2
79	32	Admin authentication — AdminAuth	rust	// The AdminAuth interface specifies how\n// a user attempting to log into the admin is validated.\n\n// By default, Runique provides DefaultAdminAuth:\npub struct MyAdminAuth;\n\n#[async_trait]\nimpl AdminAuth for MyAdminAuth {\n    async fn authenticate(&self, username: &str, password: &str, db: &DatabaseConnection) -> Option<AdminLoginResult> {\n        // Custom verification code...\n        None\n    }\n}\n\n// In the builder:\n.auth(MyAdminAuth)	admins/auth.rs	2
80	32	Auto-generated URLs	text	// For each resource declared in admin!:\nGET    /admin/                    → dashboard\nGET    /admin/article/            → list\nGET    /admin/article/create/     → create form\nPOST   /admin/article/create/     → create handler\nGET    /admin/article/{id}/edit/  → edit form\nPOST   /admin/article/{id}/edit/  → edit handler\nPOST   /admin/article/{id}/delete/ → delete	\N	3
\.
