COPY public.demo_category (id, title, sort_order, back_link_url, back_link_label) FROM stdin;
1	Démarrage	1	\N	\N
2	Authentification	2	\N	\N
3	Formulaires	3	/formulaires	Formulaires
4	Database	4	\N	\N
5	Framework	5	\N	\N
6	Administration	6	\N	\N
\.

COPY public.demo_page (id, category_id, slug, title, lead, page_type, sort_order) FROM stdin;
1	1	installation_demo	Installation	Prérequis, .env, commandes CLI, démarrage rapide.	code	1
2	1	configuration_demo	Configuration builder	RuniqueApp::builder(), middlewares, secrets, assets.	code	2
3	1	migrations_demo	Migrations	macro model!, makemigrations, migration up/down/status.	code	3
4	1	comparatif_demo	Comparatif Django	Equivalences routes, vues, formulaires, ORM, securite.	code	4
5	2	inscription	Inscription	Formulaire base modele, validation, hash mot de passe.	form	1
6	2	login	Authentification	Login / logout, sessions, protection des routes.	form	2
7	2	profil	Profil utilisateur	Session Active, donnees utilisateur, deconnexion.	custom	3
8	3	formulaires_hub	Formulaires	Declaration, champs disponibles, rendu Tera.	custom	1
9	3	formulaires_champs	Declaration des champs	Deux façons de declarer un champ — manuellement via register_fields, ou via la macro proc #[form].	code	2
10	3	formulaires_helpers	Helpers	Acces aux valeurs de formulaire et aux parametres d'URL — helpers types et acces whiteliste.	custom	3
11	3	formulaires_templates	Rendu templates	Tags Tera pour le rendu des formulaires.	code	4
12	3	upload_image	Upload fichier	Image, validation taille et extension.	form	5
13	4	orm_demo	ORM — Requetes	objects, filter, paginate, relations, create/update/delete.	code	1
14	4	database_demo	Base de donnees	DatabaseConfig, from_env, from_url, pool, timeouts.	code	2
15	4	model_demo	Modeles & Schemas	Definir un modele, types, contraintes, relations, migrations.	code	3
16	5	router_demo	Routeur	urlpatterns!, parametres de chemin, liens nommes.	code	1
17	5	template_demo	Templates & Tags	Tags Tera — static, link, media, messages, form.xxx.	code	2
18	5	middleware_hub	Middlewares	CSRF, CSP, Rate Limiter, Login Guard, Host Validation, HTTPS.	custom	3
19	5	about	Messages flash	success!, info!, warning!, error! — macros de messages flash.	custom	4
20	5	i18n_demo	Internationalisation	Langue des templates Runique — 9 langues disponibles.	code	5
21	5	session_demo	Sessions	MemoryStore, limites memoire, nettoyage periodique automatique.	code	6
22	5	macros_demo	Macros	context_update!, context!, impl_from_error!	code	7
23	5	propos_template_error	Pages d'erreur	404, 500, 429 — verification des pages Runique.	custom	8
24	5	middleware_csrf	CSRF	Protection CSRF — Prisme, contrat POST vers handler.	code	9
25	5	middleware_csp	CSP	Content Security Policy — builder, directives.	code	10
26	5	middleware_hosts	Host Validation	Validation des hotes autorises.	code	11
27	5	middleware_https	HTTPS Redirect	Redirection HTTP vers HTTPS automatique.	code	12
28	5	middleware_login_guard	Login Guard	Protection contre les tentatives de connexion repetees.	code	13
29	5	middleware_rate_limit	Rate Limit	Limitation de requetes par IP avec fenetre glissante.	code	14
30	6	admin_hub	Administration	CRUD auto-genere, permissions, tableau de bord, surcharge templates.	custom	1
31	6	admin_declaration	Declaration admin	Declarer une ressource dans le panneau admin.	code	2
32	6	admin_setup	Configuration admin	Activer et configurer le panneau admin.	code	3
33	6	admin_surcharge	Surcharge templates	Personnaliser les templates du panneau admin.	custom	4
\.

COPY public.demo_section (id, page_id, title, content, sort_order) FROM stdin;
\.

COPY public.form_field (id, page_id, name, field_type, description, example, sort_order, html_preview) FROM stdin;
1	9	TextField::text	TextField	Champ texte simple — une ligne.	TextField::text("username").label("Nom d''utilisateur").required()	1	<div class="field-preview"><label>Nom d'utilisateur</label><input type="text" placeholder="John Doe"></div>
2	9	TextField::email	TextField	Email — converti en minuscules automatiquement.	TextField::email("email").label("Adresse email").required()	2	<div class="field-preview"><label>Adresse email</label><input type="email" placeholder="exemple@email.com"></div>
3	9	TextField::password	TextField	Mot de passe — haché via Argon2 par défaut. DésActiver avec .no_hash().	TextField::password("password").min_length(10, "10 caractères minimum").no_hash()	3	<div class="field-preview"><label>Mot de passe</label><input type="password" placeholder="••••••••••"></div>
4	9	TextField::textarea	TextField	Zone de texte multi-ligne.	TextField::textarea("bio").label("Biographie").rows(5)	4	<div class="field-preview"><label>Biographie</label><textarea rows="3" placeholder="Votre texte..."></textarea></div>
5	9	TextField::richtext	TextField	Texte riche — sanitisé côté serveur.	TextField::richtext("content").label("Contenu").required()	5	<div class="field-preview"><label>Contenu</label><textarea rows="4" placeholder="<p>Texte riche sanitisé...</p>"></textarea></div>
6	9	TextField::url	TextField	URL — validée côté serveur.	TextField::url("website").label("Site web")	6	<div class="field-preview"><label>Site web</label><input type="url" placeholder="https://exemple.com"></div>
7	9	NumericField::integer	NumericField	Entier — validation min/max.	NumericField::integer("age").min(0.0, "Positif").max(120.0, "Max 120").label("Âge")	7	<div class="field-preview"><label>Âge</label><input type="number" step="1" placeholder="42" min="0" max="120"></div>
8	9	NumericField::float	NumericField	Nombre décimal.	NumericField::float("price").min(0.0, "Positif").label("Prix")	8	<div class="field-preview"><label>Prix</label><input type="number" step="0.01" placeholder="3.14" min="0"></div>
9	9	NumericField::percent	NumericField	Pourcentage — restreint entre 0 et 100.	NumericField::percent("discount").label("Réduction (%)")	9	<div class="field-preview"><label>Réduction (%)</label><input type="number" min="0" max="100" step="1" placeholder="75"></div>
10	9	NumericField::range	NumericField	Curseur — min, max, valeur par défaut.	NumericField::range("volume", 0.0, 100.0, 50.0).label("Volume")	10	<div class="field-preview"><label>Volume</label><input type="range" min="0" max="100" value="50" class="fp-range"><span class="fp-range-val">50</span></div>
11	9	BooleanField::new	BooleanField	Case à cocher — renvoie true/false.	BooleanField::new("accept").label("J''accepte les conditions").required()	11	<div class="field-preview"><label class="fp-row"><input type="checkbox"> J'accepte les conditions</label></div>
12	9	BooleanField::radio	BooleanField	Bouton radio Oui/Non.	BooleanField::radio("newsletter").label("S''abonner").checked()	12	<div class="field-preview"><label class="fp-row"><input type="radio" checked> S'abonner à la newsletter</label></div>
13	9	ChoiceField::new	ChoiceField	Liste déroulante — options statiques ou dynamiques.	let opts = vec![ChoiceOption::new("fr", "France"), ChoiceOption::new("be", "Belgique")];\nChoiceField::new("country").label("Pays").choices(opts).required()	13	<div class="field-preview"><label>Pays</label><select><option value="">---</option><option value="fr">France</option><option value="be">Belgique</option><option value="ch">Suisse</option></select></div>
14	9	RadioField::new	ChoiceField	Groupe de boutons radio.	RadioField::new("role").label("Rôle")\n    .add_choice("admin", "Administrateur")\n    .add_choice("user", "Utilisateur")	14	<div class="field-preview"><label>Rôle</label><div class="fp-col"><label class="fp-row"><input type="radio" name="role_p" value="admin"> Administrateur</label><label class="fp-row"><input type="radio" name="role_p" value="user" checked> Utilisateur</label></div></div>
15	9	CheckboxField::new	ChoiceField	Cases à cocher multiples — retourne Vec<String>.	CheckboxField::new("tags").label("Catégories")\n    .add_choice("rust", "Rust").add_choice("web", "Web")	15	<div class="field-preview"><label>Catégories</label><div class="fp-col"><label class="fp-row"><input type="checkbox" value="rust" checked> Rust</label><label class="fp-row"><input type="checkbox" value="web"> Web</label></div></div>
16	9	DateField::new	DateField	Date — format YYYY-MM-DD.	DateField::new("birth_date").label("Date de naissance").required()	16	<div class="field-preview"><label>Date de naissance</label><input type="date"></div>
17	9	TimeField::new	DateField	Heure — format HH:MM.	TimeField::new("meeting_time").label("Heure du rendez-vous")	17	<div class="field-preview"><label>Heure du rendez-vous</label><input type="time"></div>
18	9	DateTimeField::new	DateField	Date et heure combinées.	DateTimeField::new("event_start").label("Début de l''événement").required()	18	<div class="field-preview"><label>Début de l'événement</label><input type="datetime-local"></div>
19	9	FileField::image	FileField	Image — jpg jpeg png gif webp avif. Validation dimensions possible.	FileField::image("avatar").upload_to("media/uploads").max_size_mb(5).max_dimensions(500, 500)	19	<div class="field-preview"><label>Avatar</label><input type="file" accept="image/*"></div>
20	9	FileField::document	FileField	Document — pdf doc docx txt odt.	FileField::document("cv").upload_to("media/docs").max_size_mb(10).required()	20	<div class="field-preview"><label>CV</label><input type="file" accept=".pdf,.doc,.docx,.txt,.odt"></div>
21	9	FileField::any	FileField	Tout type de fichier — extensions personnalisables.	FileField::any("data").allowed_extensions(vec!["csv", "json"]).upload_to("media/imports")	21	<div class="field-preview"><label>Fichier de données</label><input type="file" accept=".csv,.json"></div>
22	9	SlugField::new	SpecialField	Slug URL-friendly — validé côté serveur.	SlugField::new("slug").label("Slug").required()	22	<div class="field-preview"><label>Slug</label><input type="text" pattern="[a-z0-9-]+" placeholder="mon-article-en-slug"></div>
23	9	ColorField::new	SpecialField	Sélecteur de couleur hex.	ColorField::new("theme_color").label("Couleur").default_color("#3b82f6")	23	<div class="field-preview"><label>Couleur</label><input type="color" value="#3b82f6"></div>
24	9	UUIDField::new	SpecialField	UUID — validé côté serveur.	UUIDField::new("ref_id").label("Référence").required()	24	<div class="field-preview"><label>Référence</label><input type="text" placeholder="550e8400-e29b-41d4-a716-446655440000"></div>
25	9	JSONField::new	SpecialField	Textarea JSON — validé côté serveur.	JSONField::new("config").label("Configuration JSON").rows(10)	25	<div class="field-preview"><label>Configuration JSON</label><textarea rows="3" placeholder='{"cle": "valeur"}'></textarea></div>
26	9	IPAddressField::new	SpecialField	Adresse IP — IPv4 ou IPv6.	IPAddressField::new("server_ip").label("IP serveur").ipv4_only().required()	26	<div class="field-preview"><label>IP serveur</label><input type="text" placeholder="192.168.1.1"></div>
27	9	HiddenField::new	HiddenField	Champ caché — valeur soumise sans rendu visible.	HiddenField::new("redirect_to")	27	<div class="field-preview"><code class="fp-muted">&lt;input type="hidden" value="..."&gt;</code><span class="fp-small"> — invisible dans le rendu final</span></div>
\.

COPY public.page_doc_link (id, page_id, label, url, link_type, sort_order) FROM stdin;
1	1	Doc FR	https://github.com/seb-alliot/runique/blob/main/docs/fr/01-installation.md	doc_fr	1
2	1	Doc EN	https://github.com/seb-alliot/runique/blob/main/docs/en/01-installation.md	doc_en	2
3	2	Doc FR	https://github.com/seb-alliot/runique/blob/main/docs/fr/02-configuration.md	doc_fr	1
4	2	Doc EN	https://github.com/seb-alliot/runique/blob/main/docs/en/02-configuration.md	doc_en	2
5	12	Doc FR	https://github.com/seb-alliot/runique/blob/main/docs/fr/exemple/upload/upload.md	doc_fr	1
6	12	Doc EN	https://github.com/seb-alliot/runique/blob/main/docs/en/exemple/upload/upload.md	doc_en	2
7	3	Doc FR	https://github.com/seb-alliot/runique/blob/main/docs/fr/03-migrations.md	doc_fr	1
8	3	Doc EN	https://github.com/seb-alliot/runique/blob/main/docs/en/03-migrations.md	doc_en	2
9	5	Doc FR	https://github.com/seb-alliot/runique/blob/main/docs/fr/auth/13-authentification.md	doc_fr	1
10	5	Doc EN	https://github.com/seb-alliot/runique/blob/main/docs/en/auth/13-authentification.md	doc_en	2
11	6	Doc FR	https://github.com/seb-alliot/runique/blob/main/docs/fr/auth/13-authentification.md	doc_fr	1
12	6	Doc EN	https://github.com/seb-alliot/runique/blob/main/docs/en/auth/13-authentification.md	doc_en	2
13	9	Doc FR	https://github.com/seb-alliot/runique/blob/main/docs/fr/formulaire/05-forms.md	doc_fr	1
14	9	Doc EN	https://github.com/seb-alliot/runique/blob/main/docs/en/formulaire/05-forms.md	doc_en	2
15	10	Doc FR	https://github.com/seb-alliot/runique/blob/main/docs/fr/formulaire/helpers/helpers.md	doc_fr	1
16	10	Doc EN	https://github.com/seb-alliot/runique/blob/main/docs/en/formulaire/helpers/helpers.md	doc_en	2
17	13	Doc FR	https://github.com/seb-alliot/runique/blob/main/docs/fr/orm/07-orm.md	doc_fr	1
18	13	Doc EN	https://github.com/seb-alliot/runique/blob/main/docs/en/orm/07-orm.md	doc_en	2
19	14	Doc FR	https://github.com/seb-alliot/runique/blob/main/docs/fr/orm/06-database.md	doc_fr	1
20	14	Doc EN	https://github.com/seb-alliot/runique/blob/main/docs/en/orm/06-database.md	doc_en	2
21	15	Doc FR	https://github.com/seb-alliot/runique/blob/main/docs/fr/orm/04-models.md	doc_fr	1
22	15	Doc EN	https://github.com/seb-alliot/runique/blob/main/docs/en/orm/04-models.md	doc_en	2
23	24	Doc FR	https://github.com/seb-alliot/runique/blob/main/docs/fr/middleware/csrf/csrf.md	doc_fr	1
24	24	Doc EN	https://github.com/seb-alliot/runique/blob/main/docs/en/middleware/csrf/csrf.md	doc_en	2
25	25	Doc FR	https://github.com/seb-alliot/runique/blob/main/docs/fr/middleware/csp/csp.md	doc_fr	1
26	25	Doc EN	https://github.com/seb-alliot/runique/blob/main/docs/en/middleware/csp/csp.md	doc_en	2
27	26	Doc FR	https://github.com/seb-alliot/runique/blob/main/docs/fr/middleware/allowed-hosts/allowed-hosts.md	doc_fr	1
28	26	Doc EN	https://github.com/seb-alliot/runique/blob/main/docs/en/middleware/allowed-hosts/allowed-hosts.md	doc_en	2
29	27	Doc FR	https://github.com/seb-alliot/runique/blob/main/docs/fr/middleware/https/https.md	doc_fr	1
30	27	Doc EN	https://github.com/seb-alliot/runique/blob/main/docs/en/middleware/https/https.md	doc_en	2
31	28	Doc FR	https://github.com/seb-alliot/runique/blob/main/docs/fr/middleware/login-guard/login-guard.md	doc_fr	1
32	28	Doc EN	https://github.com/seb-alliot/runique/blob/main/docs/en/middleware/login-guard/login-guard.md	doc_en	2
33	29	Doc FR	https://github.com/seb-alliot/runique/blob/main/docs/fr/middleware/rate-limit/rate-limit.md	doc_fr	1
34	29	Doc EN	https://github.com/seb-alliot/runique/blob/main/docs/en/middleware/rate-limit/rate-limit.md	doc_en	2
\.

COPY public.changelog_entry (id, version, release_date, category, title, description, sort_order) FROM stdin;
11	1.1.49	2026-03-19	Fix	is_valid() bloquait tous les formulaires	Suppression de set_expected_value() dans Forms::new(). Le CSRF est deja valide en amont dans Prisme — la double validation invalidait chaque soumission meme avec des donnees correctes.	1
6	1.1.50	2026-03-20	Fix	FileField — validation des restrictions	Les fichiers invalides sont supprimes du disque si la validation echoue. Les soumissions sans fichier ne creent plus de fichier orphelin. upload_to() applique le chemin exact, le deplacement se fait dans finalize() uniquement si la validation passe.	1
7	1.1.50	2026-03-20	Feature	derive_form — option file()	Les modeles peuvent declarer un champ fichier dans le DSL : image: String [file(image, "media/uploads")]. Types disponibles : image, document, any.	2
8	1.1.50	2026-03-20	Ajouté	RuniqueForm::clear() + Forms::clear_values()	Vide toutes les valeurs des champs (hors CSRF) et remet submitted a false. Necessite &mut self — appelable depuis un handler ou depuis save(&mut self).	3
9	1.1.50	2026-03-20	Fix	Formulaire upload — dialog navigateur (PRG)	Le handler redirige systematiquement apres chaque POST. Supprime le dialog "Voulez-vous renvoyer les donnees ?" au rechargement de page.	4
12	1.1.49	2026-03-19	Fix	Makemigrations — ordre FK et updated_at	Les nouvelles tables sont triees topologiquement avant generation. updated_at genere ON UPDATE CURRENT_TIMESTAMP (MySQL) ou un trigger (PostgreSQL). Le diff detecte les colonnes qui ont gagne ou perdu DEFAULT CURRENT_TIMESTAMP.	2
14	1.1.51	20/03/2026	Fix	Version derive_form -> Runique	L'ordre de publication a ete inverser, publiant runique 1.1.50 avec la mauvaise version de derive_form 1.1.33 au lieux de 1.1.34	4
21	1.1.53	2026/03/21 -> a venir	Fix	Surcharge template admin	Remettre en place la surcharge de template via le builder dans l’admin, et séparer la logique de la démo.	4
15	1.1.53	2026/03/21	Ajouté	Invalidation de session	La possiblité de rendre une session unique sera disponible via le builder de middleware, désactivé par défaut	3
17	1.1.53	2026/03/21	Ajouté	Role vue admin	L'ajout de permission d'accès dans la vue admin est fonctionnel, la documentation le detaillera plus en details	4
16	1.1.53	2026/03/21	Fix	Password	Le champ mot de passe est retiré de la vue d'édition admin. La modification du mot de passe sera gérée via un formulaire dédié de réinitialisation par email.	2
13	1.1.53	2026/03/21	Fix	Boolean field	Un champ boolean décoché est désormais considéré comme false et non comme absent — la validation required n'exige plus que la case soit cochée.	1
18	1.1.53	2026/03/21 -> a venir	Ajouté	Versionning Css	Versionning du css basé sur un token a 4 chiffre stocker dans un LazyLock a chaque rebuild	1
19	1.1.53	2026/03/21 -> a venir	Ajouté	pagination	La pagination via le builder et fonctionnel en demo-local	2
20	1.1.53	2026/03/21 -> a venir	Fix	trim	Les mots de passe et autres entrées en base de données sont nativement passés par un `trim`, évitant toute différence d’entrée liée à un espace involontaire.	3
\.

COPY public.blog (id, title, email, website, summary, content) FROM stdin;
\.

COPY public.roadmap_entry (id, status, title, description, link_url, link_label, sort_order, link_url_2, link_label_2) FROM stdin;
29	Planned	DX	Cargo watch non present. Le rechargement des templates en dev est actif seulement si DEBUG=true.	\N	\N	14	\N	\N
30	Future	formulaire	Refonte du système vers une pratique en widget	\N	\N	15	\N	\N
31	Future	Refactorisation — systeme de champs en widget 	L'option file() est une solution pragmatique. La direction long terme est une refactorisation du systeme de champs en widget (a la Django) : chaque champ du modele pourra declarer son type de rendu independamment de son type SQL	\N	\N	16	\N	\N
16	Active	Couverture de tests	Objectif ~85 % minimum — actuellement a ~82 %.	https://github.com/seb-alliot/runique/blob/main/docs/couverture_test.md	Voir la couverture actuelle	3	\N	\N
17	Active	Bug(s) et correctif(s)	Detection et correction des bugs. Si vous avez rencontre un comportement inattendu, n'hesitez pas a ouvrir une issue ou a contribuer une PR !	/problemes-connus	Problemes connus	4	/changelog	Changelog
18	Planned	request.path_param / query_param	Acces aux parametres directement depuis request, sans declarer d'extractors Axum en parametre de vue.	\N	\N	5	\N	\N
19	Planned	Tracing log	Activation via builder — choix granulaire des evenements a tracer : erreurs (log_error), requetes DB (log_db), securite (log_security), etc.	\N	\N	6	\N	\N
20	Planned	Permissions runtime admin	Verification des roles par ressource a chaque requete admin.	\N	\N	7	\N	\N
21	Planned	Validation au boot	Refus du demarrage en production si la configuration est incoherente ou incomplete.	\N	\N	8	\N	\N
22	Future	axum-server — TLS natif	Remplacement de Nginx par axum-server — TLS integre, binaire autonome en production sans dependance externe.	\N	\N	9	\N	\N
23	Future	Email natif	Envoi d'emails via lettre, templates email, backend SMTP configurable.	\N	\N	10	\N	\N
24	Future	Flux auth complet	Activation de compte par email, reset de mot de passe.	\N	\N	11	\N	\N
25	Future	Bulk actions admin	Suppression en lot, actions custom declarees par ressource.	\N	\N	12	\N	\N
26	Future	Historique admin	Log des actions CRUD par utilisateur — qui a modifie quoi et quand.	\N	\N	13	\N	\N
14	Active	Fonctionnalité	Vue admin -> Pagination, tri par colonne, recherche, list_display configurable par ressource.	\N	\N	1	\N	\N
15	Active	CSRF secure-by-default	Forcer l'application du contrat POST -> Prisme -> handler pour toutes les mutations.	\N	\N	2	\N	\N
27	Planned	Session 	Invalidation automatique des sessions. Deconnexion d'un utilisateur déjà connecté sur un autre appareil. 	\N	\N	14	\N	\N
\.

COPY public.known_issue (id, version, title, description, issue_type, sort_order) FROM stdin;
9	1.1.50	Tracing des erreurs en mode DEBUG 	Le tracing est complet. Aucun parametrage individuel possible actuellement. 	Manquant	2
\.

COPY public.code_example (id, page_id, title, language, code, context, sort_order) FROM stdin;
1	5	formulaire/user.rs	rust	// Dériver un formulaire depuis le modele utilisateur\n#[form(schema = runique_users,\n       fields = [username, email, password])]\npub struct RegisterForm;\n\n#[async_trait]\nimpl RuniqueForm for RegisterForm {\n    impl_form_access!(model);\n\n    async fn clean(&mut self) -> Result<(), StrMap> {\n        let mut errors = StrMap::new();\n        if self.cleaned_string("username").unwrap_or_default().len() < 3 {\n            errors.insert("username".into(), "3 caracteres minimum".into());\n        }\n        if !self.cleaned_string("email").unwrap_or_default().contains("@") {\n            errors.insert("email".into(), "adresse email invalide".into());\n        }\n        if self.cleaned_string("password").unwrap_or_default().len() < 10 {\n            errors.insert("password".into(), "10 caracteres minimum".into());\n        }\n        if errors.is_empty() { Ok(()) } else { Err(errors) }\n    }\n}	formulaire	1
2	5	handler	rust	pub async fn soumission_inscription(\n    mut request: Request,\n    Prisme(mut form): Prisme<RegisterForm>,\n) -> AppResult<Response> {\n    if request.is_post() && form.is_valid().await {\n        match form.save(&request.engine.db).await {\n            Ok(user) => {\n                auth_login(&request.session, &request.engine.db, user.id).await.ok();\n                return Ok(Redirect::to("/profil").into_response());\n            }\n            Err(err) => form.get_form_mut().database_error(&err),\n        }\n    }\n    context_update!(request => { "inscription_form" => &form });\n    request.render("auth/inscription.html")\n}	handler	2
3	5	inscription.html	html	<form method="post" action="/inscription">\n    {# Rendu complet — CSRF inclus automatiquement #}\n    {% form.inscription_form %}\n    <button type="submit">S''inscrire</button>\n</form>\n\n{# Rendu champ par champ — CSRF toujours inclus automatiquement #}\n<form method="post" action="/inscription">\n    {% form.inscription_form.username %}\n    {% form.inscription_form.email %}\n    {% form.inscription_form.password %}\n    <button type="submit">S''inscrire</button>\n</form>	template	3
4	6	formulaire/login.rs	rust	// Formulaire manuel — pas de modele, pas de clean\npub struct LoginForm {\n    pub form: Forms,\n}\n\nimpl RuniqueForm for LoginForm {\n    fn register_fields(form: &mut Forms) {\n        form.field(\n            &TextField::text("username")\n                .label("Nom d''utilisateur")\n                .required(),\n        );\n        form.field(\n            &TextField::password("password")\n                .label("Mot de passe")\n                .required(),\n        );\n    }\n      impl_form_access!();\n}	formulaire	1
5	6	handler	rust	pub async fn login(\n    mut request: Request,\n    Prisme(form): Prisme<LoginForm>,\n) -> AppResult<Response> {\n    if request.is_post() && form.is_valid().await {\n        let username = form.cleaned_string("username").unwrap_or_default();\n        let password = form.cleaned_string("password").unwrap_or_default();\n\n        // Recherche via l''entite utilisateur intégrée\n        let user_opt = BuiltinUserEntity::find_by_username(&request.engine.db, &username).await;\n\n        match user_opt {\n            Some(user) if verify(&password, user.password_hash()) => {\n                auth_login(&request.session, &request.engine.db, user.user_id()).await?;\n                return Ok(Redirect::to("/profil").into_response());\n            }\n            _ => {}\n        }\n    }\n    request.render("auth/login.html")\n}	handler	2
6	12	formulaire/image.rs	rust	use runique::prelude::*;\n\npub struct ImageForm {\n    pub form: Forms,\n}\n\nimpl RuniqueForm for ImageForm {\n    impl_form_access!();\n\n    fn register_fields(form: &mut Forms) {\n        form.field(\n            &FileField::image("image")\n                .label("Choisissez une image")\n                .upload_to("media/uploads/images")\n                .required()\n                .max_size_mb(5)\n                .max_files(3)\n                .max_dimensions(1920, 1080)\n                .allowed_extensions(vec!["png", "jpg", "jpeg", "gif"]),\n        );\n    }\n}	formulaire	1
7	12	Types de FileField	rust	// Images : jpg jpeg png gif webp avif\nFileField::image("avatar")\n\n// Documents : pdf doc docx txt odt\nFileField::document("cv")\n\n// Tout type de fichier\nFileField::any("fichier")\n\n// Extensions personnalisees\nFileField::any("data")\n    .allowed_extensions(vec!["csv", "json"])	\N	2
8	12	Chemin d'upload	rust	// Chemin fixe dans le code\nFileField::image("photo")\n    .upload_to("media/uploads/photos")\n\n// Depuis la variable MEDIA_ROOT dans .env\nFileField::image("photo")\n    .upload_to_env()\n\n// Sans upload_to → MEDIA_ROOT directement	\N	3
9	12	handler	rust	pub async fn upload_image_submit(\n    mut request: Request,\n    Prisme(mut form): Prisme<ImageForm>,\n) -> AppResult<Response> {\n    if request.is_post() && form.is_valid().await {\n        if form.is_valid().await {\n            success!(request.notices => "Fichier uploade avec succes !");\n        } else {\n            error!(request.notices => "Erreur de validation");\n        }\n        return Ok(Redirect::to("/upload-image").into_response());\n    }\n    context_update!(request => { "image_form" => &form });\n    request.render("forms/upload_image.html")\n}	handler	4
10	9	Declaration manuelle — register_fields	rust	use runique::prelude::*;\n\n#[derive(Serialize, Debug, Clone)]\n#[serde(transparent)]\npub struct MonForm {\n    pub form: Forms,\n}\n\nimpl RuniqueForm for MonForm {\n    fn register_fields(form: &mut Forms) {\n        form.field(&TextField::text("username")\n            .label("Nom d''utilisateur"));\n\n        form.field(&TextField::email("email")\n            .label("Adresse email"));\n\n        form.field(&TextField::password("password")\n            .label("Mot de passe")\n            .min_length(8, "8 caracteres minimum"));\n\n        form.field(&NumericField::integer("age")\n            .label("Age")\n            .min(0.0, "Valeur positive"));\n\n        form.field(&BooleanField::new("actif")\n            .label("Compte actif"));\n\n        let roles = vec![\n            ChoiceOption::new("admin", "Administrateur"),\n            ChoiceOption::new("user", "Utilisateur"),\n        ];\n        form.field(&ChoiceField::new("role")\n            .label("Role")\n            .choices(roles));\n    }\n}	formulaire	1
11	9	Macro proc #[form] — base sur un schema DB	rust	use crate::entities::contribution::schema as contribution;\nuse runique::prelude::*;\n\n// Les champs sont lus depuis le schema SeaORM\n// — types, contraintes, nullable deduits automatiquement\n#[form(schema = contribution, fields = [title, content])]\npub struct ContributionForm;\n\n#[async_trait]\nimpl RuniqueForm for ContributionForm {\n    impl_form_access!(model);\n\n    async fn clean(&mut self) -> Result<(), StrMap> {\n        let title = self.cleaned_string("title").unwrap_or_default();\n        let mut errors = StrMap::new();\n\n        if title.len() < 5 {\n            errors.insert(\n                "title".to_string(),\n                "5 caracteres minimum".to_string(),\n            );\n        }\n\n        if errors.is_empty() { Ok(()) }\n        else { Err(errors) }\n    }\n}	formulaire	2
12	9	Difference cle	rust	// Manuel — controle total, sans entite DB\n// -> ideal pour formulaires de contact, login, recherche\n\n// #[form] — branche sur le schema SeaORM\n// -> ideal pour CRUD, ModelForm Django-like\n// -> form.save(&db).await? disponible automatiquement	\N	3
29	3	Declarer un modele — macro model!	rust	use runique::prelude::*;\n\nmodel! {\n    Article,\n    table: "article",\n    pk: id => i32,\n    fields: {\n        title:      String   [required, max_len(255)],\n        content:    text     [required],\n        author_id:  i32      [required, fk(runique_users.id, cascade)],\n        published:  bool     [required, default(false)],\n        created_at: datetime [auto_now],\n        updated_at: datetime [auto_now_update],\n    }\n}	entities/article.rs	1
13	10	Helpers POST — apres is_valid()	rust	// Valeur par defaut si le champ est vide\nform.cleaned_string("username").unwrap_or_default()     // -> String  ("" si vide)\nform.cleaned_i32("age").unwrap_or_default()             // -> i32     (0 par defaut)\nform.cleaned_f64("price").unwrap_or_default()           // -> f64     (gere , -> .)\nform.cleaned_bool("Active").unwrap_or_default()         // -> bool    (true/1/on -> true)\nform.cleaned_uuid("ref").unwrap_or_default()            // -> Uuid    (Uuid::nil() si vide)\n\n// Option — None si vide\nform.cleaned_string("bio")          // -> Option<String>\nform.cleaned_i32("age")             // -> Option<i32>\nform.cleaned_f64("note")            // -> Option<f64>\nform.cleaned_bool("news")           // -> Option<bool>\nform.cleaned_uuid("id")             // -> Option<Uuid>	handler	1
14	10	clear() — vider le formulaire apres traitement	rust	// Re-rendre le formulaire vide apres succes (sans redirect)\nif form.is_valid().await {\n    let path = form.cleaned_string("image").unwrap_or_default(); // 1. lire avant clear\n    // sauvegarder...\n    form.clear();                            // 2. vider\n    context_update!(request => { "upload_form" => &form });\n    return request.render(template);         // 3. form vide affiche\n}\n\n// Avec redirect (PRG) : clear() inutile\n// la nouvelle requete GET cree une instance fraiche automatiquement	handler	2
15	10	Helpers date / heure	rust	form.cleaned_naive_date("birthday")\nform.cleaned_naive_time("meeting")\nform.cleaned_naive_datetime("event_start")\nform.cleaned_datetime_utc("created_at")\n\n// Toutes retournent Option<T>	handler	3
16	10	Acces brut aux parametres d'URL — depuis Request	rust	// Route declaree : "/article/{id}"\nlet id   = request.path_param("id");  // Option<&str>\n\n// Query string : /article/42?page=2\nlet page = request.from_url("page"); // Option<&str>	handler	4
17	10	cleaned_*() — whiteliste, type, toutes sources	rust	// Priorite : POST -> path param -> query param\n// None si le champ n''est pas declare dans le formulaire\n\nform.cleaned_string("search")    // Option<String>\nform.cleaned_i32("page")         // Option<i32>\nform.cleaned_i64("id")           // Option<i64>\nform.cleaned_f64("price")        // Option<f64>  (gere , -> .)\nform.cleaned_bool("Active")      // Option<bool>\nform.cleaned_string("is_admin")  // None — champ inconnu	handler	5
18	10	Exemple reel — recherche GET /blog/liste?search=rust	rust	// views.rs — filtre articles selon query string\npub async fn blog_list(\n    mut request: Request,\n    Prisme(form): Prisme<SearchDemoForm>,\n) -> AppResult<Response> {\n    let search = form.cleaned_string("search");\n\n    let mut query = BlogEntity::find();\n    if let Some(ref term) = search {\n        query = query.filter(\n            Condition::any()\n                .add(Column::Title.contains(term))\n                .add(Column::Summary.contains(term)),\n        );\n    }\n    // ...\n}\n\n// Exemple reel : recherche user /view-user?username=alice\nlet username = form.cleaned_string("username").unwrap_or_default();	handler	6
19	29	Application sur une route — urls.rs	rust	use runique::macros::routeur::register_url::register_pending;\nuse runique::prelude::*;\nuse std::sync::Arc;\n\npub fn routes() -> Router {\n    let limiter = Arc::new(\n        RateLimiter::new()\n            .max_requests(5)\n            .retry_after(60),\n    );\n\n    // register_pending est requis pour que {% link 'nom_route' %}\n    // fonctionne dans les templates Tera.\n    register_pending("upload_image", "/upload-image");\n\n    let upload_route = Router::new()\n        .route("/upload-image", view!(upload_handler))\n        .route_layer(middleware::from_fn_with_state(limiter, rate_limit_middleware));\n\n    urlpatterns! {\n        // autres routes...\n    }.merge(upload_route)\n}	urls	1
20	29	Exemples de configuration	rust	// 5 requetes par minute\nRateLimiter::new().max_requests(5).retry_after(60)\n\n// 3 requetes par 5 minutes\nRateLimiter::new().max_requests(3).retry_after(300)\n\n// 100 requetes par minute (defaut : 60/60)\nRateLimiter::new().max_requests(100).retry_after(60)	\N	2
21	29	Fonctionnement	text	// Fenetre glissante par adresse IP.\n// Compteur reinitialise apres retry_after secondes.\n\n// Reponse quand la limite est depassee :\nHTTP/1.1 429 Too Many Requests\nRetry-After: 42\n\n// Le header Retry-After indique\n// le delai avant la prochaine fenetre.	\N	3
22	29	Ordre dans le builder	text	// Les middlewares custom s''inserent au slot 20+.\n// Ils s''executent AVANT la session et le CSRF.\n\nExtensions(0)\n  -> ErrorHandler(10)\n  -> RateLimiter(20)   // ici\n  -> Cache(40)\n  -> Session(50)\n  -> CSRF(60)\n  -> routes	\N	4
23	1	Cargo.toml — workspace	toml	[workspace]\nmembers = ["monapp", "monapp/migration"]\nresolver = "2"\n\n[workspace.package]\nversion = "0.1.0"\nedition = "2024"\nrust-version = "1.85"\n\n[workspace.dependencies]\nrunique  = { version = "1.1.50", features = ["orm", "postgres"] }\ntokio    = { version = "1", features = ["full"] }\nserde    = { version = "1", features = ["derive"] }	Cargo.toml	1
24	1	.env	bash	SECRET_KEY=une_cle_secrete_longue_et_aleatoire\nDATABASE_URL=postgres://user:password@localhost:5432/ma_base\nDEBUG=true	.env	2
25	1	Commandes CLI	bash	# Installer le CLI\ncargo install runique\n\n# Generer le projet\nrunique new mon-projet\n\n# Demarrer le serveur (hot reload templates en DEBUG)\nrunique start\n\n# Migrations\nrunique makemigrations\nrunique migrate up\nrunique migrate down\nrunique migrate status	terminal	3
26	2	main.rs — builder complet	rust	use runique::prelude::*;\n\n#[tokio::main]\nasync fn main() -> Result<(), Box<dyn std::error::Error>> {\n    init_logging();\n    password_init(PasswordConfig::auto_with(Manual::Argon2));\n    set_lang(Lang::Fr);\n\n    let config = RuniqueConfig::from_env();\n    let db     = DatabaseConfig::from_env()?.build().connect().await?;\n\n    RuniqueApp::builder(config)\n        .routes(url::routes())\n        .with_database(db)\n        .statics()\n        .middleware(|m| {\n            m.with_session_memory_limit(5 * 1024 * 1024, 10 * 1024 * 1024)\n             .with_session_cleanup_interval(5)\n             .with_allowed_hosts(|h| {\n                 h.enabled(!is_debug())\n                  .host("monsite.fr")\n                  .host("www.monsite.fr")\n             })\n             .with_csp(|c| {\n                 c.policy(SecurityPolicy::strict())\n                  .with_upgrade_insecure(!is_debug())\n                  .images(vec!["''self''", "data:"])\n             })\n        })\n        .with_admin(|a| {\n            a.site_title("Administration")\n             .auth(RuniqueAdminAuth::new())\n             .routes(admins::routes("/admin"))\n        })\n        .build().await?\n        .run().await?;\n\n    Ok(())\n}	main.rs	1
27	2	RuniqueConfig — variables .env	bash	# Obligatoires\nSECRET_KEY=cle_secrete_256_bits\nDATABASE_URL=postgres://user:pass@localhost/db\n\n# Optionnels\nDEBUG=true           # Active le hot reload templates + traces debug\nHOST=127.0.0.1       # defaut 127.0.0.1\nPORT=3000            # defaut 3000	.env	2
28	2	Middleware — options disponibles	rust	m.with_session_duration(Duration::hours(24))\n .with_session_memory_limit(soft, hard)   // octets\n .with_session_cleanup_interval(minutes)\n\n .with_allowed_hosts(|h| h.host("...").enabled(true))\n .with_csp(|c| c.policy(SecurityPolicy::strict()))\n .with_https_redirect(true)	builder	3
30	3	Commandes migration	bash	# Generer les fichiers de migration depuis les entites\nrunique makemigrations\n\n# Appliquer toutes les migrations en attente\nrunique migrate up\n\n# Annuler la derniere migration\nrunique migrate down\n\n# Voir l''etat des migrations\nrunique migrate status	terminal	2
31	3	Fichier de migration genere	rust	use sea_orm_migration::prelude::*;\n\n#[derive(DeriveMigrationName)]\npub struct Migration;\n\n#[async_trait::async_trait]\nimpl MigrationTrait for Migration {\n    async fn up(&self, manager: &SchemaManager) -> Result<(), DbErr> {\n        manager.create_table(\n            Table::create()\n                .table(Alias::new("article"))\n                .if_not_exists()\n                .col(ColumnDef::new(Alias::new("id")).integer().not_null()\n                    .auto_increment().primary_key())\n                .col(ColumnDef::new(Alias::new("title")).string().not_null())\n                .col(ColumnDef::new(Alias::new("content")).text().not_null())\n                .col(ColumnDef::new(Alias::new("published")).boolean().not_null()\n                    .default(false))\n                .to_owned(),\n        ).await\n    }\n\n    async fn down(&self, manager: &SchemaManager) -> Result<(), DbErr> {\n        manager.drop_table(Table::drop().table(Alias::new("article")).to_owned()).await\n    }\n}	migration generee	3
32	4	Routes	rust	-- Django (urls.py)\nurlpatterns = [\n    path("articles/",      views.article_list, name="article_list"),\n    path("articles/<id>/", views.article_detail, name="article_detail"),\n]\n\n-- Runique (url.rs)\nurlpatterns! {\n    "/articles"      => view! { article_list },   name = "article_list",\n    "/articles/{id}" => view! { article_detail }, name = "article_detail",\n}	urls	1
33	4	Vues	rust	-- Django (views.py)\ndef article_list(request):\n    articles = Article.objects.all()\n    return render(request, "articles.html", {"articles": articles})\n\n-- Runique (views.rs)\npub async fn article_list(mut request: Request) -> AppResult<Response> {\n    let db = request.engine.db.clone();\n    let articles = Article::objects.all().all(&*db).await?;\n    context_update!(request => { "articles" => &articles });\n    request.render("articles.html")\n}	views	2
34	4	Modeles	rust	-- Django (models.py)\nclass Article(models.Model):\n    title   = models.CharField(max_length=255)\n    content = models.TextField()\n    author  = models.ForeignKey(User, on_delete=models.CASCADE)\n\n-- Runique (entities/article.rs)\nmodel! {\n    Article,\n    table: "article",\n    pk: id => i32,\n    fields: {\n        title:     text [max_length: 255, required],\n        content:   text [required],\n        author_id: i32 [required],\n    },\n    relations: {\n        belongs_to: user via author_id [cascade],\n    }\n}\n\nimpl_objects!(Article);\n	models	3
35	4	Formulaires	rust	-- Django (forms.py)\nif form.is_valid():\n    title = form.cleaned_data["title"]\n\n-- Runique (views.rs)\nif form.is_valid().await {\n    // Acces direct simplifie\n    let title = form.cleaned_string("title").unwrap_or_default();\n    \n    // Ou whiteliste (POST > URL)\n    let search = form.cleaned_string("search").unwrap_or_default();\n}	forms	4
36	4	Configuration	rust	-- Django (settings.py)\nSECRET_KEY = "..."\nDATABASES  = { "default": { "ENGINE": "django.db.backends.postgresql", ... } }\nDEBUG      = True\n\n-- Runique (.env + main.rs)\nSECRET_KEY=...\nDATABASE_URL=postgres://user:pass@localhost/db\nDEBUG=true\n\n// main.rs\nlet config = RuniqueConfig::from_env();\nlet db     = DatabaseConfig::from_env()?.build().connect().await?;	settings	5
37	11	Rendu complet du formulaire	html	<form method="POST" action="/inscription">\n    {# Rendu de tous les champs + CSRF automatique #}\n    {% form.inscription_form %}\n    <button type="submit">S''inscrire</button>\n</form>	template	1
38	11	Rendu champ par champ	html	<form method="POST" action="/inscription">\n    {# CSRF toujours inclus automatiquement — champ par champ ou rendu complet #}\n    {% form.inscription_form.username %}\n    {% form.inscription_form.email %}\n    {% form.inscription_form.password %}\n\n    <button type="submit">S''inscrire</button>\n</form>	template	2
39	11	Messages flash dans template	html	{# Tag Runique — rendu automatique des messages #}\n{% messages %}\n\n{# Structure generee (message.html interne) : #}\n{% if messages %}\n    {% messages }\n{% endif %}	template	3
40	13	Requetes de base — SeaORM	rust	let db = request.engine.db.clone();\n\n// Tous les enregistrements\nlet articles = article::Entity::find()\n    .all(&*db).await.unwrap_or_default();\n\n// Avec filtre\nlet article = article::Entity::find()\n    .filter(article::Column::Slug.eq("mon-article"))\n    .one(&*db).await.unwrap_or(None);\n\n// Par cle primaire\nlet article = article::Entity::find_by_id(42)\n    .one(&*db).await.unwrap_or(None);\n\n// Tri + limite\nlet recent = article::Entity::find()\n    .order_by_desc(article::Column::CreatedAt)\n    .limit(10)\n    .all(&*db).await.unwrap_or_default();	handler	1
41	13	Style Django — macro impl_objects!	rust	// Dans entities/article.rs\nmodel! { Article, ... }\nimpl_objects!(Entity);   // Active le manager objects\n\n// Dans views.rs\nlet all     = Article::objects.all().all(&db).await?;\nlet actifs  = Article::objects.filter(Column::Published.eq(true)).all(&db).await?;\nlet count   = Article::objects.count(&db).await?;\nlet found   = Article::objects.get(&db, 42).await?;        // Err si absent\nlet opt     = Article::objects.get_optional(&db, 99).await?; // None si absent\nlet or_404  = Article::objects.get_or_404(&db, id, &request, "Introuvable").await?;	handler	2
42	13	Create / Update / Delete	rust	use sea_orm::ActiveValue::Set;\nuse crate::entities::article::ActiveModel;\n\n// Creer\nlet new_article = ActiveModel {\n    title:     Set("Mon article".to_string()),\n    content:   Set("Contenu...".to_string()),\n    published: Set(false),\n    ..Default::default()\n};\nlet saved = new_article.insert(&*db).await?;\n\n// Modifier\nlet mut article: ActiveModel = found.into();\narticle.title = Set("Nouveau titre".to_string());\narticle.update(&*db).await?;\n\n// Supprimer\narticle::Entity::delete_by_id(42).exec(&*db).await?;	handler	3
43	14	DatabaseConfig — depuis .env	rust	// .env\n// DATABASE_URL=postgres://user:pass@localhost:5432/mabase\n\nlet config = DatabaseConfig::from_env()?\n    .min_connections(1)\n    .max_connections(20)\n    .build();\n\nlet db: DatabaseConnection = config.connect().await?;	main.rs	1
44	14	DatabaseConfig — depuis URL directe	rust	let config = DatabaseConfig::from_url(\n    "postgres://user:pass@localhost:5432/mabase"\n)?\n.max_connections(50)\n.connect_timeout(Duration::from_secs(10))\n.build();\n\nlet db = config.connect().await?;	main.rs	2
45	14	Moteurs supportes	text	postgres://  ou  postgresql://   → PostgreSQL\nmysql://                          → MySQL\nmariadb://                        → MariaDB\nsqlite://                         → SQLite\n\n// Feature flags Cargo.toml\nrunique = { version = "1.1.50", features = ["orm", "postgres"] }\nrunique = { version = "1.1.50", features = ["orm", "mysql"] }\nrunique = { version = "1.1.50", features = ["orm", "sqlite"] }	\N	3
78	32	Activer l'admin dans le builder	rust	RuniqueApp::builder(config)\n    .with_admin(|a| {\n        a.site_title("Mon Administration")\n         .auth(RuniqueAdminAuth::new())\n         .routes(admins::routes("/admin"))\n         // Dashboard personnalise (optionnel)\n         .templates(|t| t.with_dashboard("admin/mon_dashboard.html"))\n         .with_state(admins::admin_state())\n    })	main.rs	1
46	15	macro model! — tous les types	rust	use runique::prelude::*;\n\nmodel! {\n    Produit,\n    table: "produit",\n    pk: id => i32,\n    fields: {\n        // Types de base\n        nom:        String   [required, max_len(255)],\n        slug:       String   [required, unique, max_len(255)],\n        description: text    [nullable],\n        prix:       f64      [required],\n        stock:      i32      [required, default(0)],\n        actif:      bool     [required, default(true)],\n\n        // Cle etrangere\n        categorie_id: i32    [required, fk(categorie.id, cascade)],\n\n        // Timestamps automatiques\n        created_at: datetime [auto_now],\n        updated_at: datetime [auto_now_update],\n    }\n}	entities/produit.rs	1
47	15	Modificateurs disponibles	text	[required]               champ NOT NULL\n[nullable]               champ NULL\n[unique]                 contrainte UNIQUE\n[max_len(N)]             VARCHAR(N)\n[default(valeur)]        valeur par defaut SQL\n[auto_now]               CURRENT_TIMESTAMP a la creation\n[auto_now_update]        CURRENT_TIMESTAMP a chaque modification\n[fk(table.col, cascade)] cle etrangere avec ON DELETE CASCADE\n[fk(table.col, null)]    cle etrangere avec ON DELETE SET NULL	\N	2
48	15	Activer le manager objects	rust	model! {\n    Article,\n    table: "article",\n    pk: id => i32,\n    fields: { title: String [required] }\n}\n\n// Active Article::objects.all(), .filter(), .get(), etc.\nimpl_objects!(Entity);	entities/article.rs	3
49	16	urlpatterns! — declaration des routes	rust	use runique::prelude::*;\nuse crate::views::*;\n\npub fn routes() -> Router {\n    urlpatterns! {\n        "/"                 => view! { index },          name = "index",\n        "/articles"         => view! { article_list },   name = "article_list",\n        "/articles/{id}"    => view! { article_detail }, name = "article_detail",\n        "/articles/{id}/edit" => view! { article_edit }, name = "article_edit",\n        "/inscription"      => view! { inscription },    name = "inscription",\n    }\n}	url.rs	1
50	16	Lire un parametre de chemin	rust	// Route : "/articles/{id}"\npub async fn article_detail(mut request: Request) -> AppResult<Response> {\n    let id = request.path_param("id")\n        .and_then(|s| s.parse::<i32>().ok())\n        .unwrap_or(0);\n\n    let db = request.engine.db.clone();\n    let article = article::Entity::find_by_id(id)\n        .one(&*db).await.unwrap_or(None);\n\n    context_update!(request => { "article" => &article });\n    request.render("article/detail.html")\n}	handler	2
51	16	Liens nommes dans les templates	html	{# Route simple — pretraite en {{ link(link=''index'') }} #}\n<a href='{% link "index" %}'>Accueil</a>\n\n{# Parametre de route — pretraite en {{ link(link=''article_detail'', id=article.id) }} #}\n<a href='{% link "article_detail" id=article.id %}'>{{ article.title }}</a>\n\n{# Sans query — URL propre #}\n<a href='{% link "article_list" %}'>Tous les articles</a>\n\n{# Avec query — pretraite en {{ link(link=''article_list'', query={page: 2}) }} #}\n<a href='{% link "article_list" query={page: 2} %}'>Page suivante</a>	template	3
52	17	Fichiers statiques et media	html	{# Fichiers dans static/ #}\n<link rel="stylesheet" href="{% static "css/style.css" %}">\n<script src="{% static "js/app.js" %}"></script>\n\n{# Fichiers dans media/ (uploads utilisateur) #}\n<img src="{% media article.image %}" alt="...">	template	1
53	17	CSRF + nonce CSP	html	<form method="POST">\n    {# CSRF automatique — inclus dans tout rendu de formulaire Runique #}\n    {% form.mon_form %}\n    ...\n</form>\n\n{# Nonce CSP — pour les scripts inline autorises #}\n<script nonce="{{ csp_nonce }}">\n    console.log(''autorise par la CSP'');\n</script>	template	2
54	17	Messages flash	html	{# Dans le template — tag Runique #}\n{% messages %}\n\n{# Dans le handler Rust #}\nsuccess!(request.notices => "Enregistre !");\nerror!(request.notices   => "Erreur.");\ninfo!(request.notices    => "Info.");\nwarning!(request.notices => "Attention.");	template	3
55	17	Heritage de templates	html	{# base.html — template parent #}\n<html>\n<body>\n    {% block content %}{% endblock %}\n</body>\n</html>\n\n{# page.html — template enfant #}\n{% extends "base.html" %}\n{% block content %}\n    <h1>Mon contenu</h1>\n{% endblock %}	template	4
56	20	Configuration de la langue	rust	use runique::prelude::*;\n\n// Dans main() — avant de demarrer le serveur\nset_lang(Lang::Fr);    // Français\nset_lang(Lang::En);    // Anglais (defaut)\nset_lang(Lang::De);    // Allemand\nset_lang(Lang::Es);    // Espagnol\nset_lang(Lang::It);    // Italien\nset_lang(Lang::Pt);    // Portugais\nset_lang(Lang::Ja);    // Japonais\nset_lang(Lang::Zh);    // Chinois\nset_lang(Lang::Ru);    // Russe	main.rs	1
57	20	Langues disponibles	text	Lang::Fr  — Français\nLang::En  — English    (defaut)\nLang::De  — Deutsch\nLang::Es  — Español\nLang::It  — Italiano\nLang::Pt  — Português\nLang::Ja  — 日本語\nLang::Zh  — 中文\nLang::Ru  — Русский\n\n// Autodetection depuis locale navigateur\nlet lang = Lang::from("fr-FR");  // → Lang::Fr\nlet lang = Lang::from("en-US");  // → Lang::En	\N	2
58	20	Traductions dans les templates	html	{# Cle de traduction simple #}\n{{ ''forms.required'' | t }}\n{# → "Ce champ est obligatoire" (Fr) #}\n{# → "This field is required"   (En) #}\n\n{# Cle avec parametre numerique #}\n{{ ''forms.too_short'' | t(n=8) }}\n{# → "8 caracteres minimum" #}	template	3
59	21	Configuration dans le builder	rust	RuniqueApp::builder(config)\n    .middleware(|m| {\n        m\n        // Limites memoire : soft 5 Mo, hard 10 Mo\n        .with_session_memory_limit(5 * 1024 * 1024, 10 * 1024 * 1024)\n\n        // Nettoyage automatique toutes les 5 minutes\n        .with_session_cleanup_interval(5)\n\n        // Duree de vie des sessions (defaut : 24h)\n        .with_session_duration(Duration::hours(12))\n    })	main.rs	1
60	21	Lecture / ecriture dans un handler	rust	pub async fn mon_handler(mut request: Request) -> AppResult<Response> {\n    // Lire\n    let user_id = request.session\n        .get::<i32>("user_id").await\n        .ok().flatten();\n\n    // Ecrire\n    request.session.insert("user_id", 42).await.ok();\n    request.session.insert("username", "alice").await.ok();\n\n    // Supprimer une cle\n    request.session.remove::<i32>("user_id").await.ok();\n\n    // Invalider la session entiere (deconnexion)\n    request.session.flush().await.ok();\n\n    request.render("profil.html")\n}	handler	2
61	22	context_update! — injecter des variables Tera	rust	pub async fn ma_vue(mut request: Request) -> AppResult<Response> {\n    let articles = vec!["Article 1", "Article 2"];\n\n    // Injecter dans le contexte Tera\n    context_update!(request => {\n        "title"    => "Ma page",\n        "articles" => &articles,\n        "count"    => articles.len(),\n    });\n\n    request.render("ma_page.html")\n}	handler	1
62	22	Macros flash — messages utilisateur	rust	// Dans un handler\nsuccess!(request.notices => "Enregistre avec succes !");\nerror!(request.notices   => "Une erreur est survenue.");\ninfo!(request.notices    => "Verification en cours...");\nwarning!(request.notices => "Attention : session bientot expiree.");\n\n// flash_now! — message injecte directement dans le contexte\ncontext_update!(request => {\n    "messages" => flash_now!(success => "Cree !"),\n});	handler	2
63	22	impl_from_error! — convertir des erreurs	rust	// Convertit automatiquement DbErr et autres en AppError\nimpl_from_error!(\n    sea_orm::DbErr      => database_error,\n    std::io::Error      => internal_error,\n    serde_json::Error   => serialization_error,\n);\n\n// Permet d''utiliser ? dans les handlers\npub async fn handler(mut request: Request) -> AppResult<Response> {\n    let article = Article::find_by_id(1).one(&*db).await?; // DbErr converti\n    Ok(request.render("page.html")?)\n}	handler	3
64	24	Contrat POST — Prisme extractor	rust	// Tout formulaire POST doit passer par Prisme<T>\n// Prisme valide le token CSRF avant d''entrer dans le handler.\npub async fn inscription(\n    mut request: Request,\n    Prisme(mut form): Prisme<RegisterForm>,\n) -> AppResult<Response> {\n    if request.is_post() && form.is_valid().await {\n        // Traitement securise — le CSRF a ete valide\n        return Ok(Redirect::to("/profil").into_response());\n    }\n    context_update!(request => { "form" => &form });\n    request.render("auth/inscription.html")\n}	handler	1
65	24	Token CSRF dans le template	html	<form method="POST" action="{% link "inscription" %}">\n    {# Rendu complet — CSRF inclus automatiquement #}\n    {% form.inscription_form %}\n    <button type="submit">S''inscrire</button>\n</form>\n\n{# Rendu champ par champ — CSRF toujours inclus automatiquement #}\n<form method="POST" action="{% link "inscription" %}">\n    {% form.inscription_form.username %}\n    {% form.inscription_form.password %}\n    <button type="submit">S''inscrire</button>\n</form>	template	2
66	24	Fonctionnement interne	text	// GET  → token genere, stocke en session, injecte dans le contexte Tera\n// POST → Prisme extrait le token du body, compare en constant-time\n//        (via subtle::ConstantTimeEq pour eviter les timing attacks)\n\n// Si le token est invalide ou absent :\n//   → formulaire vide + message d''erreur CSRF\n//   → le handler n''est jamais execute\n\n// Le token est lie a la session — il change a chaque nouvelle session.	\N	3
67	25	Configuration dans le builder	rust	RuniqueApp::builder(config)\n    .middleware(|m| {\n        m.with_csp(|c| {\n            c.policy(SecurityPolicy::strict())\n             .with_header_security(true)        // X-Frame-Options, X-Content-Type, etc.\n             .with_upgrade_insecure(!is_debug()) // HTTP → HTTPS en prod\n             .images(vec!["''self''", "data:"])  // Autorise data: pour les images\n        })\n    })	main.rs	1
68	25	Politiques predefinies	rust	// Strict : bloque tout ce qui n''est pas explicitement autorise\nSecurityPolicy::strict()\n\n// Permissive : pour les phases de dev / migration\nSecurityPolicy::permissive()\n\n// Header genere (strict) :\n// Content-Security-Policy:\n//   default-src ''self'';\n//   script-src ''self'' ''nonce-abc123'';\n//   style-src ''self'';\n//   img-src ''self'' data:;\n//   object-src ''none'';\n//   frame-ancestors ''none'';\n//   upgrade-insecure-requests	\N	2
69	25	Nonce CSP pour scripts inline	html	{# Le nonce est regenere a chaque requete.\n   Il est injecte automatiquement dans le header CSP. #}\n<script nonce="{{ csp_nonce }}">\n    // Ce script inline est autorise par la CSP\n    document.querySelector(''form'').addEventListener(''submit'', ...);\n</script>	template	3
70	26	Configuration dans le builder	rust	RuniqueApp::builder(config)\n    .middleware(|m| {\n        m.with_allowed_hosts(|h| {\n            h.enabled(!is_debug())  // desActive en dev, actif en prod\n             .host("monsite.fr")\n             .host("www.monsite.fr")\n             .host("monsite.up.railway.app")\n        })\n    })	main.rs	1
71	26	Comportement	text	// Si le header Host de la requete ne correspond\n// a aucun hote autorise :\n//   → 400 Bad Request\n\n// Comparaison : insensible a la casse, normalisation IPv6\n// Wildcards :\n//   .example.com  →  accepte foo.example.com, bar.example.com\n//   (ne correspond pas a example.com sans sous-domaine)\n\n// DesActive quand enabled(false) — toutes les requetes passent.	\N	2
72	27	Activer la redirection HTTPS	rust	RuniqueApp::builder(config)\n    .middleware(|m| {\n        m.with_csp(|c| {\n            c.policy(SecurityPolicy::strict())\n             // Active "upgrade-insecure-requests" dans le header CSP\n             // + redirection 301 HTTP → HTTPS\n             .with_upgrade_insecure(!is_debug())\n        })\n    })	main.rs	1
73	27	Prerequis — proxy inverse	text	// Runique doit etre derriere un reverse proxy (Nginx, Caddy, Railway...)\n// qui termine le TLS et transmet les requetes en HTTP.\n\n// Le proxy doit envoyer le header :\n//   X-Forwarded-Proto: https\n\n// Exemple Nginx :\n//   proxy_set_header X-Forwarded-Proto $scheme;\n\n// Sans proxy TLS, with_upgrade_insecure(true) n''a pas d''effet visible.	\N	2
74	28	Creer un LoginGuard	rust	use runique::prelude::*;\nuse std::sync::Arc;\n\n// Dans main() ou dans le module de routes\nlet guard = Arc::new(\n    LoginGuard::new()\n        .max_attempts(5)    // tentatives avant verrouillage\n        .lockout_secs(300), // 5 minutes de verrouillage\n);\n\n// Nettoyer les entrees expirees regulierement\nguard.spawn_cleanup(tokio::time::Duration::from_secs(60));	main.rs	1
75	28	Utilisation dans le handler de login	rust	pub async fn login(\n    mut request: Request,\n    Prisme(form): Prisme<LoginForm>,\n    State(guard): State<Arc<LoginGuard>>,\n) -> AppResult<Response> {\n    let username = form.get_string("username");\n    let ip       = request.client_ip().unwrap_or_default();\n\n    // Cle par username si rempli, sinon par IP\n    if guard.is_locked_for(&username, &ip) {\n        let secs = guard.retry_after_secs_for(&username, &ip);\n        warning!(request.notices => format!("Compte bloque. Reessayez dans {secs}s."));\n        return request.render("auth/login.html");\n    }\n\n    if request.is_post() && form.is_valid().await {\n        match authenticate(&username, &password, &db).await {\n            Some(user) => {\n                guard.record_success_for(&username, &ip);\n                auth_login(&request.session, &db, user.id).await;\n                return Ok(Redirect::to("/profil").into_response());\n            }\n            None => {\n                guard.record_failure_for(&username, &ip);\n                error!(request.notices => "Identifiants incorrects.");\n            }\n        }\n    }\n    request.render("auth/login.html")\n}	handler	2
76	31	admin.rs — macro admin!	rust	use crate::entities::{users, blog, article};\nuse crate::formulaire::{RegisterForm, BlogForm, ArticleForm};\n\n// Ce fichier est la SOURCE pour "runique start"\n// qui regenere src/admin/generated.rs automatiquement.\nadmin! {\n    users: users::Model => RegisterForm {\n        title: "Utilisateurs"\n    }\n    blog: blog::Model => BlogForm {\n        title: "Articles de blog"\n    }\n    article: article::Model => ArticleForm {\n        title: "Articles"\n    }\n}	admin.rs	1
77	31	Regles de la macro admin!	text	// Syntaxe :\n// nom_ressource: entite::Model => FormType {\n//     title: "Libelle dans le menu"\n// }\n\n// nom_ressource  →  segment d''URL (/admin/nom_ressource/)\n// entite::Model  →  modele SeaORM genere par model!\n// FormType       →  formulaire qui implemente RuniqueForm\n\n// runique start regenere src/admin/generated.rs a chaque demarrage.	\N	2
79	32	Authentification admin — AdminAuth	rust	// L''interface AdminAuth permet de specifier comment\n// on valide un utilisateur essayant de se connecter a l'admin.\n\n// Par defaut, Runique fournit DefaultAdminAuth :\npub struct MonAdminAuth;\n\n#[async_trait]\nimpl AdminAuth for MonAdminAuth {\n    async fn authenticate(&self, username: &str, password: &str, db: &DatabaseConnection) -> Option<AdminLoginResult> {\n        // Code de verification custom...\n        None\n    }\n}\n\n// Dans le builder :\n.auth(MonAdminAuth)	admins/auth.rs	2
80	32	URL generees automatiquement	text	// Pour chaque ressource declaree dans admin! :\nGET    /admin/                    → tableau de bord\nGET    /admin/article/            → liste\nGET    /admin/article/create/     → formulaire de creation\nPOST   /admin/article/create/     → traitement creation\nGET    /admin/article/{id}/edit/  → formulaire d''edition\nPOST   /admin/article/{id}/edit/  → traitement edition\nPOST   /admin/article/{id}/delete/ → suppression	\N	3
\.
